date,year,album,song,artist,danceability,energy,speechiness,loudness,acousticness,instrumentalness,liveness,valence,tempo,duration_ms
,1967,Sgt. Pepper's Lonely Hearts Club Band,a day in the life,Beatles,0.364,0.457,0.0675,-14.162,0.29,0.000106,0.922,0.175,163.219,337413
,1964,A Hard Day's Night,A Hard Day's Night,Beatles,0.59,0.805,0.0371,-6.481,0.137,0,0.0996,0.797,138.514,154200
,1970,Let It Be,across the universe,Beatles,0.257,0.412,0.0287,-11.788,0.361,0.0000868,0.0702,0.858,152.126,228133
,1965,Help!,act naturally,Beatles,0.702,0.447,0.0308,-10.122,0.366,0,0.153,0.944,93.02,150373
,1963,With The Beatles,All I've Got To Do,Beatles,0.49,0.579,0.0344,-10.301,0.217,0,0.0644,0.879,119.403,122573
,1963,With The Beatles,All My Loving,Beatles,0.416,0.563,0.0298,-8.724,0.207,0,0.343,0.9,77.56,127853
,1969,Yellow Submarine,all together now,Beatles,0.587,0.431,0.0686,-9.495,0.0722,0,0.561,0.778,95.937,130893
,1967,Magical Mystery Tour,all you need is love,Beatles,0.4,0.48,0.0295,-7.768,0.346,0.000031,0.155,0.653,103.436,230387
,1969,Yellow Submarine,all you need is love,Beatles,0.4,0.463,0.0288,-8.455,0.345,0.0000459,0.286,0.627,103.103,231213
,1964,A Hard Day's Night,And I Love Her,Beatles,0.767,0.331,0.0337,-10.777,0.64,0,0.0681,0.636,113.312,149693
,1966,Revolver,and your bird can sing,Beatles,0.555,0.65,0.0282,-6.936,0.0067,0.0491,0.236,0.966,132.59,120493
,1963,Please Please Me,Anna,Beatles,0.608,0.565,0.0336,-11.06,0.635,0,0.0601,0.835,109.286,177133
,1965,Help!,another girl,Beatles,0.516,0.638,0.0314,-7.453,0.238,0,0.333,0.822,88.657,125360
,1964,A Hard Day's Night,any time at all,Beatles,0.612,0.719,0.0398,-7.026,0.366,0.00000388,0.437,0.744,141.016,131280
,1963,Please Please Me,Ask Me Why,Beatles,0.605,0.394,0.0378,-11.33,0.767,0,0.0967,0.597,133.942,146533
,1963,Please Please Me,Baby It's You,Beatles,0.608,0.494,0.0345,-12.211,0.778,0,0.0926,0.879,112.421,160520
,1967,Magical Mystery Tour,"baby, youre a rich man",Beatles,0.619,0.625,0.036,-9.635,0.0119,0.00000105,0.152,0.467,96.751,181307
,1964,Beatles for Sale,babys in black,Beatles,0.374,0.596,0.0416,-7.666,0.434,0,0.098,0.876,202.97,124520
,1968,The Beatles (white album),back in the ussr,Beatles,0.48,0.969,0.0854,-7.464,0.069,0.00022,0.0608,0.494,142.489,163453
,1969,Abbey Road,because,Beatles,0.328,0.249,0.0272,-11.777,0.754,0.00000577,0.134,0.162,81.257,165667
,1967,Sgt. Pepper's Lonely Hearts Club Band,being for the benefit of mr.kite!,Beatles,0.526,0.413,0.0446,-9.865,0.338,0,0.0992,0.71,111.874,157533
,1968,The Beatles (white album),birthday,Beatles,0.541,0.727,0.0384,-7.509,0.0000737,0.717,0.232,0.91,139.239,163080
,1968,The Beatles (white album),blackbird,Beatles,0.686,0.127,0.0342,-14.361,0.754,0.0000141,0.0573,0.372,93.699,138387
,1967,Magical Mystery Tour,blue jay way,Beatles,0.294,0.407,0.0308,-11.575,0.0258,0.000219,0.0852,0.0378,101.052,235067
,1963,Please Please Me,Boys,Beatles,0.402,0.86,0.0504,-10.31,0.607,0,0.736,0.822,142.445,146440
,1964,A Hard Day's Night,cant buy me love,Beatles,0.483,0.677,0.0593,-5.91,0.283,0,0.321,0.842,170.72,131867
,1969,Abbey Road,carry that weight ,Beatles,0.543,0.458,0.0274,-8.976,0.226,0.00663,0.298,0.704,84.319,96467
,1963,Please Please Me,Chains,Beatles,0.654,0.561,0.0304,-10.551,0.608,0,0.129,0.929,129.884,145080
,1969,Abbey Road,come together,Beatles,0.533,0.376,0.0393,-11.913,0.0302,0.248,0.0926,0.187,165.007,259947
,1968,The Beatles (white album),cry baby cry,Beatles,0.517,0.529,0.0323,-11.851,0.115,0.00396,0.174,0.362,76.644,182080
,1968,The Beatles (white album),dear prudence ,Beatles,0.388,0.529,0.0436,-10.533,0.16,0.0681,0.108,0.332,150.721,235773
,1963,With The Beatles,Devil In Her Heart,Beatles,0.618,0.622,0.0296,-8.861,0.227,0,0.0438,0.966,121.072,146213
,1970,Let It Be,dig a pony,Beatles,0.538,0.478,0.0388,-8.957,0.472,0,0.17,0.527,59.004,235000
,1970,Let It Be,dig it ,Beatles,0.54,0.489,0.117,-12.276,0.659,0.0019,0.457,0.67,157.03,50467
,1965,Help!,dizzy miss lizzy,Beatles,0.373,0.934,0.0591,-6.753,0.116,0.00445,0.0962,0.918,136.037,176507
,1963,Please Please Me,Do You Want to Know a Secret,Beatles,0.673,0.349,0.0368,-12.414,0.608,0,0.38,0.609,124.451,117013
,1966,Revolver,doctor robert,Beatles,0.394,0.64,0.0488,-8.992,0.164,0.139,0.153,0.574,164.626,134267
,1963,With The Beatles,DonÕt Bother Me,Beatles,0.371,0.724,0.0562,-9.792,0.554,0,0.299,0.916,170.377,148253
,1968,The Beatles (white album),donÕt pass me by,Beatles,0.599,0.537,0.0254,-9.617,0.594,0.0000192,0.194,0.946,84.895,230453
,1965,Rubber Soul,drive my car,Beatles,0.754,0.571,0.0421,-8.547,0.0173,0,0.3,0.82,122.463,148893
,1964,Beatles for Sale,eight days a week,Beatles,0.652,0.583,0.038,-7.811,0.412,0,0.119,0.744,138.134,163600
,1966,Revolver,eleanor rigby,Beatles,0.581,0.28,0.0381,-9.091,0.936,0.0000156,0.305,0.813,137.831,126533
,1964,Beatles for Sale,every little thing,Beatles,0.74,0.49,0.038,-9.095,0.488,0,0.103,0.678,123.227,123800
,1968,The Beatles (white album),everybodys got something to hide even you,Beatles,0.523,0.731,0.0559,-8.613,0.0207,0.000464,0.081,0.81,117.089,144773
,1964,Beatles for Sale,everybodys trying to be my baby,Beatles,0.543,0.806,0.0385,-7.231,0.466,0,0.134,0.943,85.172,146000
,1967,Sgt. Pepper's Lonely Hearts Club Band,fixing a hole,Beatles,0.469,0.507,0.0451,-8.917,0.382,0,0.0783,0.619,112.984,156827
,1967,Magical Mystery Tour,flying ,Beatles,0.551,0.395,0.0501,-14.755,0.368,0.88,0.0932,0.261,92.929,135520
,1966,Revolver,for no one,Beatles,0.483,0.351,0.0278,-10.487,0.783,0,0.115,0.713,81.208,119813
,1970,Let It Be,for you blue,Beatles,0.88,0.556,0.0855,-10.773,0.24,0.0483,0.24,0.955,128.542,152213
,1970,Let It Be,get back,Beatles,0.761,0.592,0.0586,-9.836,0.492,0.00626,0.61,0.332,123.095,189387
,1967,Sgt. Pepper's Lonely Hearts Club Band,getting better,Beatles,0.632,0.471,0.0348,-7.887,0.313,0.00000508,0.0712,0.764,121.672,168120
,1965,Rubber Soul,girl,Beatles,0.699,0.294,0.0294,-13.205,0.587,0,0.117,0.893,96.615,151720
,1968,The Beatles (white album),glass onion,Beatles,0.523,0.51,0.0514,-9.827,0.0123,0.0000838,0.108,0.789,120.432,137840
,1969,Abbey Road,golden slumbers,Beatles,0.419,0.152,0.0277,-12.126,0.326,0.0034,0.113,0.239,80.608,91760
,1966,Revolver,good day sunshine,Beatles,0.77,0.496,0.0468,-8.45,0.719,0,0.123,0.571,117.331,129293
,1967,Sgt. Pepper's Lonely Hearts Club Band,good morning good mornng,Beatles,0.542,0.618,0.139,-8.876,0.0858,0,0.772,0.93,121.849,161227
,1968,The Beatles (white album),good night,Beatles,0.146,0.355,0.0352,-14.583,0.865,0.835,0.114,0.178,146.408,193760
,1966,Revolver,got to get you into my life,Beatles,0.521,0.524,0.0302,-6.136,0.42,0.00000927,0.0838,0.711,136.679,149240
,1968,The Beatles (white album),happiness is a warm gem,Beatles,0.431,0.54,0.0589,-9.6,0.523,0.00000134,0.169,0.44,139.288,164547
,1967,Magical Mystery Tour,"hello, goodbye",Beatles,0.479,0.733,0.0256,-8.753,0.306,0.000024,0.414,0.806,99.307,208840
,1965,Help!,Help!,Beatles,0.534,0.725,0.0332,-7.576,0.188,0,0.0994,0.763,95.003,139560
,1968,The Beatles (white album),helter skelter,Beatles,0.166,0.831,0.0894,-8.469,0.000606,0.846,0.811,0.281,167.518,269787
,1969,Abbey Road,her majesty,Beatles,0.703,0.215,0.0892,-23.03,0.728,0.00000123,0.13,0.522,100.874,25987
,1966,Revolver,"here, there and everywhere",Beatles,0.29,0.247,0.0383,-12.125,0.921,0.00565,0.0917,0.36,165.361,144880
,1969,Abbey Road,Heres comes the sun,Beatles,0.557,0.54,0.0347,-10.484,0.0339,0.00248,0.179,0.394,129.171,185733
,1969,Yellow Submarine,hey bulldog,Beatles,0.587,0.617,0.028,-9.164,0.0197,0.639,0.199,0.947,100.495,191307
,1963,With The Beatles,Hold Me Tight,Beatles,0.54,0.744,0.0312,-9.637,0.664,0,0.21,0.963,135.731,151907
,1964,Beatles for Sale,honey donÕt ,Beatles,0.629,0.545,0.0348,-11.466,0.473,0.0000508,0.0854,0.735,162.438,177427
,1968,The Beatles (white album),honey pie,Beatles,0.537,0.297,0.0822,-15.452,0.88,0.000015,0.145,0.553,144.197,161160
,1967,Magical Mystery Tour,I am the walrus,Beatles,0.401,0.556,0.0513,-10.532,0.0828,0.000359,0.589,0.654,85.206,275867
,1964,Beatles for Sale,I donÕt want to spoil the party ,Beatles,0.533,0.668,0.033,-7.237,0.451,0,0.149,0.889,95.438,154467
,1970,Let It Be,I me mine,Beatles,0.291,0.638,0.0554,-7.854,0.179,0,0.101,0.525,185.235,145587
,1965,Help!,I need you,Beatles,0.601,0.489,0.0455,-8.554,0.277,0,0.0988,0.638,136.215,148787
,1963,Please Please Me,I Saw Her Standing There,Beatles,0.491,0.801,0.0361,-9.835,0.27,0,0.0665,0.971,160.109,173947
,1964,A Hard Day's Night,I should Have Known Better,Beatles,0.682,0.444,0.0289,-7.689,0.257,0,0.115,0.91,130.704,163080
,1963,With The Beatles,I Wanna Be Your Man,Beatles,0.553,0.914,0.0415,-8.232,0.477,0,0.292,0.683,99.138,119507
,1966,Revolver,I want to tell you,Beatles,0.493,0.525,0.0315,-9.289,0.182,0.0000044,0.148,0.449,127.492,147973
,1969,Abbey Road,I want you(she's so heavy),Beatles,0.37,0.515,0.0321,-9.487,0.0233,0.205,0.0966,0.42,115.732,467320
,1968,The Beatles (white album),I will,Beatles,0.631,0.387,0.0262,-11.529,0.742,0.000406,0.0822,0.832,103.11,105933
,1964,A Hard Day's Night,If I Fell,Beatles,0.665,0.31,0.0278,-8.928,0.68,0,0.0877,0.568,108.211,139467
,1965,Rubber Soul,if I needed someone,Beatles,0.492,0.755,0.0331,-9.273,0.00748,0,0.102,0.796,127.387,142267
,1964,A Hard Day's Night,ill be back,Beatles,0.721,0.527,0.0293,-7.224,0.744,0,0.186,0.641,123.902,144187
,1964,A Hard Day's Night,ill cry instead,Beatles,0.643,0.73,0.0347,-6.859,0.0917,0,0.253,0.96,96.711,105987
,1964,Beatles for Sale,ill follow the sun,Beatles,0.689,0.313,0.0366,-10.073,0.789,0,0.144,0.625,133.754,108853
,1964,Beatles for Sale,im a loser,Beatles,0.492,0.628,0.0439,-7.813,0.567,0.00000107,0.267,0.856,89.877,150027
,1964,A Hard Day's Night,Im Happy Just To Dance With You,Beatles,0.658,0.537,0.0307,-7.535,0.138,0,0.0572,0.887,132.115,116373
,1965,Rubber Soul,im looking through you ,Beatles,0.667,0.498,0.0364,-11.027,0.00772,0,0.0481,0.774,85.843,146387
,1966,Revolver,im only sleeping,Beatles,0.494,0.47,0.0301,-9.599,0.21,0,0.28,0.698,103.477,180320
,1968,The Beatles (white album),im so tired,Beatles,0.433,0.483,0.175,-9.422,0.656,0.0000264,0.539,0.717,68.492,123493
,1965,Rubber Soul,in my life,Beatles,0.688,0.435,0.0323,-11.359,0.449,0,0.113,0.435,103.239,146333
,1963,With The Beatles,It Wont Be Long,Beatles,0.472,0.673,0.0318,-8.853,0.284,0,0.206,0.862,133.117,133387
,1969,Yellow Submarine,its all too much ,Beatles,0.39,0.781,0.0364,-7.878,0.000043,0.412,0.1,0.199,113.511,385013
,1965,Help!,its only love,Beatles,0.629,0.551,0.0256,-8.281,0.22,0,0.0432,0.685,113.155,116480
,1970,Let It Be,ive got a feeling,Beatles,0.44,0.609,0.0358,-8.824,0.0715,0,0.582,0.364,165.156,217560
,1965,Help!,ive just seen a face,Beatles,0.647,0.56,0.0387,-8.809,0.723,0,0.118,0.913,120.418,125040
,1968,The Beatles (white album),julia,Beatles,0.512,0.0953,0.0304,-16.082,0.828,0.000268,0.117,0.193,134.706,176667
,1964,Beatles for Sale,kansas city/ Hey-Hey-Hey-Hey,Beatles,0.588,0.724,0.0335,-6.63,0.614,0.0000892,0.877,0.924,131.36,158147
,1970,Let It Be,let it be ,Beatles,0.443,0.403,0.0322,-8.339,0.631,0,0.111,0.41,143.462,243027
,1963,With The Beatles,Little Child,Beatles,0.526,0.858,0.0476,-8.533,0.292,0.001,0.353,0.886,75.596,106400
,1968,The Beatles (white album),"long, long. Long",Beatles,0.349,0.129,0.0294,-15.883,0.539,0.405,0.192,0.163,104.837,186307
,1963,Please Please Me,Love Me Do,Beatles,0.52,0.829,0.0806,-6.228,0.386,0.000062,0.227,0.744,147.997,141693
,1966,Revolver,love you to,Beatles,0.391,0.593,0.0413,-8.999,0.7,0.000249,0.0829,0.707,123.986,179827
,1967,Sgt. Pepper's Lonely Hearts Club Band,lovely rita,Beatles,0.61,0.471,0.0261,-9.151,0.0634,0,0.118,0.63,87.379,162093
,1967,Sgt. Pepper's Lonely Hearts Club Band,lucy in the sky with diamonds,Beatles,0.311,0.325,0.0283,-9.042,0.0469,0,0.139,0.668,65.09,208467
,1970,Let It Be,maggie mae,Beatles,0.516,0.515,0.215,-12.035,0.379,0,0.103,0.524,169.039,40040
,1967,Magical Mystery Tour,magical mystery tour,Beatles,0.297,0.613,0.0931,-9.065,0.0385,0.0000398,0.0734,0.338,170.962,170107
,1969,Yellow Submarine,march of the meanies,Beatles,0.538,0.378,0.0387,-14.117,0.934,0.758,0.456,0.16,117.185,139360
,1968,The Beatles (white album),martha my dear,Beatles,0.472,0.292,0.0321,-11.591,0.872,0.0007,0.128,0.824,177.624,148573
,1969,Abbey Road,maxwells silver hammer,Beatles,0.764,0.426,0.0405,-11.045,0.629,0.000119,0.132,0.726,131.12,207920
,1969,Abbey Road,mean mr mustard,Beatles,0.676,0.596,0.0272,-9.107,0.0699,0.0000196,0.351,0.97,100.687,66533
,1965,Rubber Soul,michelle,Beatles,0.578,0.29,0.0341,-12.501,0.652,0,0.105,0.666,117.403,162373
,1963,Please Please Me,Misery,Beatles,0.591,0.605,0.0413,-10.925,0.707,0,0.309,0.882,133.348,108547
,1963,With The Beatles,Money(ThatÕs What I Want),Beatles,0.545,0.853,0.0394,-8.369,0.425,0,0.266,0.923,128.816,169507
,1968,The Beatles (white album),mother natures son,Beatles,0.608,0.178,0.0264,-17.109,0.634,0.352,0.166,0.401,84.78,168027
,1964,Beatles for Sale,mr.moonlight,Beatles,0.631,0.424,0.0438,-9.106,0.796,0.000143,0.118,0.589,126.127,158627
,1964,Beatles for Sale,no reply,Beatles,0.718,0.593,0.0377,-9.976,0.67,0,0.172,0.869,124.251,136067
,1965,Rubber Soul,norwegian wood,Beatles,0.425,0.369,0.0379,-11.876,0.183,0.00126,0.112,0.65,176.625,124693
,1963,With The Beatles,Not A Second Time,Beatles,0.471,0.817,0.0372,-9.999,0.213,0,0.498,0.961,124.848,126827
,1965,Rubber Soul,nowhere man,Beatles,0.534,0.624,0.0462,-9.589,0.00797,0,0.128,0.687,121.402,163693
,1968,The Beatles (white album),"obi-la -di, ob-la-da",Beatles,0.818,0.728,0.0314,-8.331,0.232,0.0642,0.251,0.975,113.059,188960
,1969,Abbey Road,octopus's garden,Beatles,0.626,0.512,0.0247,-9.15,0.155,0.0000465,0.215,0.73,92.225,170720
,1969,Abbey Road,oh! Darling,Beatles,0.422,0.656,0.0397,-8.412,0.0126,0.0279,0.268,0.549,173.93,207240
,1970,Let It Be,one after 909,Beatles,0.554,0.828,0.0739,-6.435,0.0307,0,0.907,0.888,90.95,173960
,1969,Yellow Submarine,only a northern song,Beatles,0.175,0.731,0.0705,-8.341,0.000341,0.000751,0.0846,0.801,209.242,204493
,1963,Please Please Me,P.S. I Love You,Beatles,0.635,0.656,0.0291,-8.5,0.389,0.00127,0.0828,0.77,134.435,124360
,1967,Magical Mystery Tour,penny lane,Beatles,0.651,0.488,0.0316,-8.22,0.212,0.026,0.136,0.49,113.038,180893
,1969,Yellow Submarine,pepperland,Beatles,0.354,0.281,0.032,-12.434,0.661,0.763,0.243,0.367,113.126,140733
,1969,Yellow Submarine,pepperland laid waste,Beatles,0.269,0.0902,0.042,-23.018,0.877,0.821,0.302,0.0462,82.423,132773
,1968,The Beatles (white album),piggies,Beatles,0.542,0.445,0.0303,-9.105,0.643,0,0.516,0.52,93.245,124267
,1963,With The Beatles,Please Mister Postman,Beatles,0.552,0.644,0.0372,-9.129,0.675,0,0.36,0.961,122.546,154160
,1963,Please Please Me,Please Please Me,Beatles,0.527,0.48,0.028,-9.61,0.334,0,0.0702,0.706,139.388,120853
,1969,Abbey Road,polythene pam,Beatles,0.474,0.939,0.199,-8.884,0.00472,0.674,0.19,0.499,166.829,72640
,1968,The Beatles (white album),revolution 1,Beatles,0.386,0.626,0.0377,-9.451,0.0785,0.00164,0.621,0.695,98.425,255707
,1968,The Beatles (white album),revolution 9,Beatles,0.208,0.615,0.342,-15.297,0.769,0.118,0.824,0.101,91.158,502013
,1964,Beatles for Sale,rock and roll music,Beatles,0.457,0.917,0.0441,-6.213,0.566,0,0.333,0.965,167.092,151280
,1968,The Beatles (white album),rocky raccoon,Beatles,0.599,0.363,0.0315,-11.728,0.333,0,0.243,0.648,79.456,213107
,1963,With The Beatles,Roll Over Beethoven,Beatles,0.351,0.749,0.0312,-9.435,0.289,0,0.0952,0.967,160.673,165467
,1965,Rubber Soul,run for your life,Beatles,0.563,0.705,0.103,-9.232,0.0103,0,0.0552,0.822,176.732,141093
,1968,The Beatles (white album),savoy truffle,Beatles,0.623,0.544,0.0536,-11.043,0.00814,0.309,0.134,0.793,120.761,174467
,1969,Yellow Submarine,sea of holes,Beatles,0.249,0.0994,0.04,-19.266,0.959,0.926,0.454,0.0357,118.99,136693
,1969,Yellow Submarine,sea of monsters,Beatles,0.253,0.166,0.0346,-16.624,0.945,0.862,0.135,0.0489,83.971,216693
,1969,Yellow Submarine,sea of time ,Beatles,0.237,0.096,0.0387,-20.629,0.971,0.0961,0.203,0.0629,128.054,180213
,1968,The Beatles (white album),sexy sadie ,Beatles,0.577,0.624,0.0285,-9.626,0.33,0.00622,0.117,0.671,75.478,195267
,1967,Sgt. Pepper's Lonely Hearts Club Band,sgt. Peppers lonely hearts club band,Beatles,0.653,0.889,0.0453,-8.006,0.0061,0.589,0.892,0.879,118.773,79067
,1967,Sgt. Pepper's Lonely Hearts Club Band,sgt.peppers lonely hearts club band,Beatles,0.451,0.673,0.0734,-9.115,0.0857,0.00225,0.797,0.583,95.513,122893
,1969,Abbey Road,she came in through the bathroom,Beatles,0.53,0.72,0.0338,-8.793,0.00376,0.0000338,0.314,0.69,80.652,118627
,1966,Revolver,she said she said ,Beatles,0.329,0.678,0.0344,-7.878,0.103,0.168,0.843,0.672,106.476,156040
,1967,Sgt. Pepper's Lonely Hearts Club Band,shes leaving home,Beatles,0.381,0.214,0.0337,-11.629,0.944,0,0.106,0.393,127.581,215160
,1969,Abbey Road,something,Beatles,0.396,0.338,0.0304,-10.872,0.198,0.00000262,0.138,0.377,133.522,182293
,1967,Magical Mystery Tour,strawberry field forever,Beatles,0.39,0.502,0.178,-12.277,0.336,0.000138,0.0713,0.289,97.871,247320
,1969,Abbey Road,sun king,Beatles,0.483,0.177,0.0277,-17.629,0.284,0.499,0.116,0.192,74.994,146267
,1963,Please Please Me,Taste of Honey,Beatles,0.42,0.372,0.0327,-11.416,0.698,0,0.104,0.412,101.408,123480
,1966,Revolver,taxman,Beatles,0.469,0.596,0.0749,-8.348,0.0101,0,0.321,0.783,133.586,158853
,1965,Help!,tell me what you see,Beatles,0.592,0.796,0.0429,-8.125,0.061,0,0.131,0.7,136.675,157987
,1964,A Hard Day's Night,tell me why ,Beatles,0.267,0.688,0.0388,-6.309,0.586,0,0.307,0.797,150.942,128693
,1968,The Beatles (white album),the continue story of bungalow bill,Beatles,0.621,0.459,0.104,-10.414,0.224,0,0.656,0.648,114.816,194160
,1969,Abbey Road,the end ,Beatles,0.647,0.487,0.0689,-10.119,0.00101,0.285,0.138,0.222,123.444,141613
,1967,Magical Mystery Tour,the fool on the hill,Beatles,0.365,0.26,0.0314,-10.577,0.913,0.0000021,0.105,0.49,144.184,179107
,1970,Let It Be,the long and winding road,Beatles,0.299,0.329,0.0279,-10.096,0.756,0.0105,0.0559,0.392,132.282,218187
,1965,Help!,the night before,Beatles,0.461,0.762,0.0379,-6.727,0.0537,0,0.238,0.632,84.496,154933
,1965,Rubber Soul,the word,Beatles,0.59,0.641,0.0416,-9.687,0.00682,0,0.0553,0.792,120.773,163107
,1963,Please Please Me,There's a Place,Beatles,0.455,0.582,0.0292,-10.009,0.629,0.00000422,0.172,0.927,140.928,110493
,1964,A Hard Day's Night,things we said today,Beatles,0.551,0.575,0.0332,-8.208,0.239,0,0.112,0.516,137.054,155333
,1965,Rubber Soul,think for yourself,Beatles,0.529,0.567,0.0282,-9.796,0.0124,0,0.0729,0.799,130.544,138520
,1965,Help!,ticket to ride,Beatles,0.519,0.85,0.0678,-6.777,0.0457,0,0.233,0.749,123.419,189680
,1963,With The Beatles,Till There Was You,Beatles,0.727,0.338,0.0454,-13.887,0.79,0,0.105,0.646,122.421,133507
,1966,Revolver,tomorrow never knows,Beatles,0.38,0.829,0.0405,-6.105,0.000084,0.00208,0.342,0.0534,125.887,179547
,1963,Please Please Me,Twist and Shout,Beatles,0.482,0.849,0.0452,-9.198,0.641,0.00000774,0.0414,0.937,124.631,155227
,1970,Let It Be,two of us,Beatles,0.726,0.702,0.032,-10.757,0.0974,0.0000346,0.239,0.931,109.114,216813
,1965,Rubber Soul,wait,Beatles,0.552,0.487,0.04,-10.574,0.0175,0,0.105,0.657,127.201,134720
,1965,Rubber Soul,what goes on,Beatles,0.67,0.776,0.0749,-10.035,0.0168,0.00000301,0.0732,0.765,96.93,168573
,1964,Beatles for Sale,What youre doing,Beatles,0.695,0.53,0.0403,-8.309,0.301,0.000002,0.0583,0.825,129.506,150040
,1964,A Hard Day's Night,when I get home,Beatles,0.568,0.793,0.0482,-6.201,0.384,0,0.388,0.64,125.375,136640
,1967,Sgt. Pepper's Lonely Hearts Club Band,when im sixty four,Beatles,0.704,0.241,0.0476,-13.258,0.625,0.000028,0.0868,0.661,140.411,157667
,1968,The Beatles (white album),while my guitar gently weeps,Beatles,0.453,0.654,0.0317,-8.855,0.0205,0.00395,0.172,0.702,115,285000
,1968,The Beatles (white album),why donÕt we do it in the road?,Beatles,0.589,0.522,0.0521,-8.718,0.53,0.000243,0.0993,0.957,187.688,101160
,1968,The Beatles (white album),wild honey pie,Beatles,0.792,0.763,0.0506,-11.185,0.425,0.627,0.789,0.152,89.9,52973
,1967,Sgt. Pepper's Lonely Hearts Club Band,with a little help from my friends,Beatles,0.705,0.515,0.0337,-9.343,0.365,0,0.389,0.803,112.035,164107
,1967,Sgt. Pepper's Lonely Hearts Club Band,within you without you,Beatles,0.352,0.479,0.0338,-9.965,0.339,0.000353,0.486,0.354,126.166,304667
,1964,Beatles for Sale,words of love,Beatles,0.551,0.533,0.0297,-9.8,0.323,0.722,0.173,0.85,122.358,124320
,1966,Revolver,yellow submarine,Beatles,0.604,0.549,0.0389,-9.873,0.531,0,0.438,0.696,111.398,158880
,1969,Yellow Submarine,yellow submarine,Beatles,0.605,0.536,0.0421,-10.069,0.518,0,0.528,0.688,110.849,159720
,1969,Yellow Submarine,yellow submarine in pepperland,Beatles,0.406,0.219,0.0359,-13.155,0.808,0.599,0.15,0.271,105.345,134027
,1968,The Beatles (white album),yer blue,Beatles,0.327,0.525,0.0475,-10.272,0.000875,0.259,0.133,0.435,151.766,240453
,1965,Help!,yesterday,Beatles,0.332,0.179,0.0326,-11.83,0.879,0,0.0886,0.315,96.529,125667
,1964,A Hard Day's Night,you cant do that,Beatles,0.612,0.788,0.0335,-6.251,0.367,0,0.382,0.961,129.161,154893
,1965,Help!,you like me too much,Beatles,0.555,0.57,0.0302,-7.869,0.415,0,0.191,0.899,88.316,156867
,1969,Abbey Road,you never give me your money,Beatles,0.335,0.416,0.0348,-11.051,0.345,0.136,0.116,0.223,174.464,242973
,1963,With The Beatles,You Really Got A Hold On Me,Beatles,0.373,0.388,0.0337,-9.31,0.525,0,0.267,0.687,77.643,181347
,1965,Rubber Soul,you wont see me,Beatles,0.488,0.539,0.0304,-8.752,0.136,0,0.0538,0.473,115.941,199960
,1965,Help!,youÕve got to hide your love away,Beatles,0.398,0.392,0.0282,-9.05,0.207,0,0.102,0.378,184.267,129120
,1967,Magical Mystery Tour,your mother should know,Beatles,0.698,0.293,0.0332,-11.361,0.784,0.0106,0.0936,0.724,117.613,148413
,1965,Help!,youre going to lose that girl,Beatles,0.533,0.66,0.0337,-7.694,0.346,0,0.26,0.818,131.975,138667
11/10/17,2017,reputation,...Ready For It?,Taylor Swift,0.613,0.764,0.136,-6.509,0.0527,0,0.197,0.417,160.015,208187
12/11/20,2020,evermore,'tis the damn season,Taylor Swift,0.575,0.434,0.0312,-8.193,0.735,6.59E-05,0.105,0.348,145.916,229840
11/12/21,2021,Red (Taylor's Version),22 (Taylor's Version),Taylor Swift,0.642,0.695,0.0281,-5.62,4.43E-04,1.02E-05,0.0753,0.642,103.984,230960
10/24/06,2006,Taylor Swift,A Perfectly Good Heart,Taylor Swift,0.483,0.751,0.0365,-5.726,0.00349,0,0.128,0.268,156.092,220147
10/24/06,2006,Taylor Swift,A Place In This World,Taylor Swift,0.576,0.777,0.0324,-2.881,0.051,0,0.32,0.428,115.028,199200
8/23/19,2019,Lover,Afterglow,Taylor Swift,0.756,0.449,0.0344,-8.746,0.13,0,0.114,0.399,111.011,223293
11/12/21,2021,Red (Taylor's Version),All Too Well (Taylor's Version),Taylor Swift,0.44,0.528,0.0317,-7.809,0.0171,0.00203,0.234,0.132,185.972,329160
10/27/14,2014,1989,All You Had To Do Was Stay,Taylor Swift,0.605,0.725,0.0323,-5.729,0.00201,2.02E-05,0.101,0.539,96.97,193293
10/21/22,2022,Midnights,Anti-Hero,Taylor Swift,0.638,0.634,0.0457,-6.582,0.133,1.23E-06,0.152,0.519,96.953,200690
7/24/20,2020,folklore,august,Taylor Swift,0.387,0.634,0.0363,-9.222,0.553,6.93E-05,0.0931,0.42,89.567,261920
11/12/21,2021,Red (Taylor's Version),Babe (Taylor's Version) [From The Vault],Taylor Swift,0.584,0.743,0.0931,-7.075,0.0538,2.83E-06,0.121,0.746,167.844,224240
10/25/10,2010,Speak Now,Back To December,Taylor Swift,0.529,0.67,0.0303,-4.663,0.117,0,0.334,0.286,141.893,293027
10/27/14,2014,1989,Bad Blood,Taylor Swift,0.646,0.794,0.19,-6.104,0.0885,6.16E-06,0.201,0.287,170.216,211933
11/12/21,2021,Red (Taylor's Version),Begin Again (Taylor's Version),Taylor Swift,0.519,0.527,0.0274,-7.673,0.075,0,0.132,0.267,78.915,238867
10/21/22,2022,Midnights,Bejeweled,Taylor Swift,0.7,0.55,0.0653,-9.13,0.0661,1.02E-04,0.091,0.412,164.003,194166
11/12/21,2021,Red (Taylor's Version),Better Man (Taylor's Version) [From The Vault],Taylor Swift,0.473,0.579,0.0384,-5.824,0.214,0,0.0877,0.255,73.942,297013
10/25/10,2010,Speak Now,Better Than Revenge,Taylor Swift,0.516,0.917,0.0827,-3.186,0.0139,6.37E-06,0.36,0.635,145.821,217160
7/24/20,2020,folklore,betty,Taylor Swift,0.595,0.376,0.0256,-8.767,0.589,0,0.0989,0.476,95.946,294520
10/21/22,2022,Midnights,Bigger Than The Whole Sky,Taylor Swift,0.422,0.235,0.0568,-12.379,0.826,0.00648,0.115,0.068,165.71,218503
10/27/14,2014,1989,Blank Space,Taylor Swift,0.76,0.703,0.054,-5.412,0.103,0,0.0913,0.57,95.997,231827
4/9/21,2021,Fearless (Taylor's Version),Breathe (Taylor's Version),Taylor Swift,0.506,0.626,0.0287,-6.066,0.156,0,0.228,0.321,148.035,263377
4/9/21,2021,Fearless (Taylor's Version),Bye Bye Baby (Taylor's Version) [From The Vault],Taylor Swift,0.624,0.624,0.0539,-7.86,0.334,0,0.0995,0.527,80.132,242158
11/10/17,2017,reputation,Call It What You Want,Taylor Swift,0.598,0.504,0.0731,-9.874,0.186,2.21E-04,0.34,0.252,163.954,203507
7/24/20,2020,folklore,cardigan,Taylor Swift,0.612,0.58,0.0419,-8.572,0.525,4.14E-04,0.26,0.534,130.045,239560
12/11/20,2020,evermore,champagne problems,Taylor Swift,0.462,0.24,0.0377,-12.077,0.92,0,0.113,0.32,171.319,244000
4/9/21,2021,Fearless (Taylor's Version),Change (Taylor's Version),Taylor Swift,0.499,0.815,0.0341,-4.063,1.91E-04,0,0.181,0.344,95.999,279360
10/27/14,2014,1989,Clean,Taylor Swift,0.815,0.377,0.0346,-7.754,0.232,0,0.1,0.211,103.97,271000
12/11/20,2020,evermore,closure,Taylor Swift,0.689,0.704,0.245,-10.813,0.835,4.83E-06,0.134,0.92,151.884,180653
10/24/06,2006,Taylor Swift,Cold As You,Taylor Swift,0.418,0.482,0.0266,-5.769,0.217,0,0.123,0.261,175.558,239013
11/12/21,2021,Red (Taylor's Version),Come Back...Be Here (Taylor's Version),Taylor Swift,0.46,0.632,0.0302,-6.031,0.0158,0,0.0822,0.399,79.846,223333
4/9/21,2021,Fearless (Taylor's Version),Come In With The Rain (Taylor's Version),Taylor Swift,0.476,0.564,0.0269,-5.677,0.0406,0,0.102,0.167,143.929,237339
12/11/20,2020,evermore,coney island,Taylor Swift,0.537,0.537,0.0617,-11.266,0.819,9.04E-04,0.142,0.292,107.895,275320
8/23/19,2019,Lover,Cornelia Street,Taylor Swift,0.824,0.624,0.0827,-9.728,0.781,1.89E-04,0.1,0.248,102.012,287267
12/11/20,2020,evermore,cowboy like me,Taylor Swift,0.604,0.517,0.0347,-9.014,0.768,1.55E-04,0.123,0.511,127.967,275040
8/23/19,2019,Lover,Cruel Summer,Taylor Swift,0.552,0.702,0.157,-5.707,0.117,2.06E-05,0.105,0.564,169.994,178427
11/10/17,2017,reputation,Dancing With Our Hands Tied,Taylor Swift,0.624,0.691,0.196,-6.686,0.0604,1.10E-05,0.138,0.284,160.024,211507
8/23/19,2019,Lover,Daylight,Taylor Swift,0.557,0.496,0.0563,-9.602,0.808,1.73E-04,0.0772,0.265,149.983,293453
10/25/10,2010,Speak Now,Dear John,Taylor Swift,0.589,0.47,0.028,-5.32,0.166,1.45E-06,0.112,0.102,119.386,403920
10/21/22,2022,Midnights,Dear Reader,Taylor Swift,0.562,0.388,0.0705,-12.088,0.481,0.00145,0.117,0.159,107.747,225194
8/23/19,2019,Lover,Death By A Thousand Cuts,Taylor Swift,0.712,0.732,0.0629,-6.754,0.454,0,0.319,0.313,94.071,198533
11/10/17,2017,reputation,Delicate,Taylor Swift,0.75,0.404,0.0682,-10.178,0.216,3.57E-04,0.0911,0.0499,95.045,232253
11/10/17,2017,reputation,Don't Blame Me,Taylor Swift,0.615,0.534,0.0386,-6.719,0.106,1.76E-05,0.0607,0.193,135.917,236413
4/9/21,2021,Fearless (Taylor's Version),Don't You (Taylor's Version) [From The Vault],Taylor Swift,0.563,0.473,0.0503,-11.548,0.514,1.20E-05,0.109,0.405,101.934,208609
12/11/20,2020,evermore,dorothea,Taylor Swift,0.605,0.488,0.0264,-8.322,0.696,0,0.129,0.354,119.966,225880
11/10/17,2017,reputation,Dress,Taylor Swift,0.719,0.469,0.0533,-8.792,0.0329,0,0.169,0.0851,120.085,230373
10/25/10,2010,Speak Now,Enchanted,Taylor Swift,0.455,0.623,0.0288,-3.878,0.0739,4.24E-04,0.146,0.208,163.893,352187
11/10/17,2017,reputation,End Game,Taylor Swift,0.649,0.589,0.0558,-6.237,0.00845,0,0.108,0.151,159.073,244827
7/24/20,2020,folklore,epiphany,Taylor Swift,0.317,0.254,0.0286,-13.679,0.727,3.26E-04,0.0867,0.103,93.933,289747
12/11/20,2020,evermore,evermore,Taylor Swift,0.39,0.27,0.0308,-10.673,0.937,0.00227,0.111,0.32,125.177,304107
11/12/21,2021,Red (Taylor's Version),Everything Has Changed (Taylor's Version),Taylor Swift,0.498,0.61,0.0363,-5.098,0.271,0,0.223,0.474,79.918,245427
7/24/20,2020,folklore,exile,Taylor Swift,0.31,0.374,0.0275,-8.464,0.761,2.46E-05,0.11,0.16,75.938,285640
8/23/19,2019,Lover,False God,Taylor Swift,0.739,0.32,0.239,-10.862,0.736,1.47E-04,0.111,0.351,79.97,200307
4/9/21,2021,Fearless (Taylor's Version),Fearless (Taylor's Version),Taylor Swift,0.569,0.741,0.0282,-4.963,0.0122,0,0.333,0.43,100.118,241592
4/9/21,2021,Fearless (Taylor's Version),Fifteen (Taylor's Version),Taylor Swift,0.559,0.646,0.0272,-4.61,0.116,0,0.32,0.289,95.466,294419
4/9/21,2021,Fearless (Taylor's Version),Forever & Always (Piano Version) [Taylor's Version],Taylor Swift,0.546,0.273,0.0308,-9.208,0.819,0,0.137,0.271,118.753,267833
4/9/21,2021,Fearless (Taylor's Version),Forever & Always (Taylor's Version),Taylor Swift,0.598,0.821,0.0447,-4.433,0.0231,0,0.143,0.673,128.03,225328
11/12/21,2021,Red (Taylor's Version),Forever Winter (Taylor's Version) [From The Vault],Taylor Swift,0.611,0.552,0.031,-5.828,0.256,0,0.134,0.41,116.012,263533
11/10/17,2017,reputation,Getaway Car,Taylor Swift,0.562,0.689,0.127,-6.745,0.00465,2.23E-06,0.0888,0.351,172.054,233627
11/12/21,2021,Red (Taylor's Version),Girl At Home (Taylor's Version),Taylor Swift,0.691,0.736,0.0326,-6.974,0.00955,1.88E-05,0.101,0.612,125.089,220520
10/21/22,2022,Midnights,Glitch,Taylor Swift,0.675,0.466,0.201,-9.738,0.361,0,0.11,0.347,140.864,148781
12/11/20,2020,evermore,gold rush,Taylor Swift,0.512,0.462,0.0408,-10.491,0.83,0.166,0.121,0.353,112.05,185320
11/10/17,2017,reputation,Gorgeous,Taylor Swift,0.8,0.535,0.135,-6.684,0.0713,9.48E-06,0.213,0.451,92.027,209680
12/11/20,2020,evermore,happiness,Taylor Swift,0.559,0.334,0.0376,-10.733,0.87,0,0.114,0.211,122.079,315147
10/25/10,2010,Speak Now,Haunted,Taylor Swift,0.436,0.95,0.057,-2.627,0.0826,1.08E-06,0.149,0.352,162.088,242080
4/9/21,2021,Fearless (Taylor's Version),Hey Stephen (Taylor's Version),Taylor Swift,0.788,0.571,0.0296,-6.135,0.106,0,0.0934,0.797,115.99,254255
10/21/22,2022,Midnights,High Infidelity,Taylor Swift,0.646,0.529,0.0864,-10.179,0.723,0,0.0885,0.755,87.862,231475
7/24/20,2020,folklore,hoax,Taylor Swift,0.676,0.178,0.0394,-15.01,0.964,7.90E-06,0.135,0.404,118.84,220040
11/12/21,2021,Red (Taylor's Version),Holy Ground (Taylor's Version),Taylor Swift,0.622,0.809,0.0638,-5.623,0.0288,0.00218,0.109,0.511,156.894,202960
10/27/14,2014,1989,How You Get The Girl,Taylor Swift,0.765,0.656,0.0504,-6.112,0.00364,0.00868,0.0918,0.545,119.997,247533
11/12/21,2021,Red (Taylor's Version),I Almost Do (Taylor's Version),Taylor Swift,0.511,0.559,0.0264,-6.587,0.0167,0,0.113,0.248,145.88,244587
11/12/21,2021,Red (Taylor's Version),I Bet You Think About Me (Taylor's Version) [From The Vault],Taylor Swift,0.391,0.715,0.0495,-4.516,0.167,0,0.183,0.473,149.654,285107
11/10/17,2017,reputation,I Did Something Bad,Taylor Swift,0.696,0.602,0.159,-6.156,0.0679,2.11E-05,0.0696,0.305,82.989,238253
8/23/19,2019,Lover,I Forgot That You Existed,Taylor Swift,0.664,0.316,0.519,-10.345,0.298,2.03E-06,0.0812,0.541,92.875,170640
11/12/21,2021,Red (Taylor's Version),I Knew You Were Trouble (Taylor's Version),Taylor Swift,0.584,0.557,0.0342,-6.371,0.0129,0,0.0576,0.767,154.008,219760
10/27/14,2014,1989,I Know Places,Taylor Swift,0.602,0.755,0.071,-4.991,0.245,0,0.178,0.495,159.965,195707
8/23/19,2019,Lover,I Think He Knows,Taylor Swift,0.897,0.366,0.0569,-8.029,0.00889,3.53E-04,0.0715,0.416,100.003,173387
10/27/14,2014,1989,I Wish You Would,Taylor Swift,0.653,0.893,0.0538,-5.966,0.0158,4.95E-05,0.102,0.513,118.035,207440
10/24/06,2006,Taylor Swift,I'm Only Me When I'm With You,Taylor Swift,0.563,0.934,0.0646,-3.629,0.00452,8.07E-04,0.103,0.518,143.964,213053
10/25/10,2010,Speak Now,If This Was A Movie,Taylor Swift,0.511,0.719,0.0265,-3.457,0.166,4.54E-06,0.34,0.289,147.852,234547
7/24/20,2020,folklore,illicit affairs,Taylor Swift,0.529,0.304,0.0356,-10.567,0.862,0,0.108,0.44,119.58,190893
10/25/10,2010,Speak Now,Innocent,Taylor Swift,0.552,0.608,0.0259,-5.29,0.186,0,0.125,0.17,134.05,302253
10/24/06,2006,Taylor Swift,Invisible,Taylor Swift,0.612,0.394,0.0243,-5.723,0.637,0,0.147,0.233,96.001,203227
7/24/20,2020,folklore,invisible string,Taylor Swift,0.651,0.459,0.0507,-11.128,0.859,6.63E-05,0.105,0.454,83.455,252880
8/23/19,2019,Lover,It's Nice To Have A Friend,Taylor Swift,0.737,0.175,0.0401,-9.912,0.971,3.37E-04,0.171,0.545,70.008,150440
12/11/20,2020,evermore,it's time to go,Taylor Swift,0.592,0.41,0.0397,-12.426,0.801,1.39E-05,0.09,0.416,151.923,254640
12/11/20,2020,evermore,ivy,Taylor Swift,0.515,0.545,0.0353,-9.277,0.855,1.97E-05,0.0921,0.535,88.856,260440
4/9/21,2021,Fearless (Taylor's Version),Jump Then Fall (Taylor's Version),Taylor Swift,0.572,0.69,0.0358,-6.201,0.0474,0,0.0897,0.624,160.111,237580
10/21/22,2022,Midnights,Karma,Taylor Swift,0.649,0.622,0.0582,-7.054,0.074,0,0.594,0.106,90.024,204852
11/10/17,2017,reputation,King Of My Heart,Taylor Swift,0.675,0.703,0.0382,-7.902,0.00882,2.21E-06,0.0391,0.314,110.01,214320
10/21/22,2022,Midnights,Labyrinth,Taylor Swift,0.487,0.313,0.0487,-15.434,0.791,0.348,0.124,0.141,110.039,247962
10/25/10,2010,Speak Now,Last Kiss,Taylor Swift,0.371,0.341,0.0319,-9.475,0.57,3.09E-05,0.101,0.196,89.038,367133
10/21/22,2022,Midnights,Lavender Haze,Taylor Swift,0.735,0.444,0.0684,-10.519,0.204,0.0012,0.17,0.0984,97.038,202396
8/23/19,2019,Lover,London Boy,Taylor Swift,0.695,0.71,0.05,-6.639,0.0246,1.04E-04,0.133,0.557,157.925,190240
10/25/10,2010,Speak Now,Long Live,Taylor Swift,0.418,0.68,0.0347,-4.3,0.036,7.59E-05,0.114,0.142,204.12,317453
12/11/20,2020,evermore,long story short,Taylor Swift,0.546,0.73,0.0417,-7.704,0.66,0.179,0.0972,0.573,157.895,215920
11/10/17,2017,reputation,Look What You Made Me Do,Taylor Swift,0.766,0.709,0.123,-6.471,0.204,1.41E-05,0.126,0.506,128.07,211853
4/9/21,2021,Fearless (Taylor's Version),Love Story (Taylor's Version),Taylor Swift,0.627,0.792,0.031,-4.311,0.13,3.97E-06,0.0845,0.415,119.054,235767
8/23/19,2019,Lover,Lover,Taylor Swift,0.359,0.543,0.0919,-7.582,0.492,1.58E-05,0.118,0.453,68.534,221307
7/24/20,2020,folklore,mad woman,Taylor Swift,0.593,0.7,0.0492,-9.016,0.67,6.77E-06,0.116,0.451,141.898,237267
12/11/20,2020,evermore,marjorie,Taylor Swift,0.535,0.561,0.0484,-11.609,0.876,1.36E-04,0.115,0.287,96.103,257773
10/21/22,2022,Midnights,Maroon,Taylor Swift,0.658,0.378,0.0379,-8.3,0.0593,0,0.0976,0.0382,108.034,218271
10/24/06,2006,Taylor Swift,Mary's Song (Oh My My My),Taylor Swift,0.403,0.627,0.0292,-5.28,0.0177,0,0.182,0.374,74.9,213080
10/21/22,2022,Midnights,Mastermind,Taylor Swift,0.661,0.352,0.117,-14.077,0.571,0.00147,0.0884,0.13,125.934,191039
8/23/19,2019,Lover,ME!,Taylor Swift,0.61,0.83,0.0571,-4.105,0.033,0,0.118,0.728,182.162,193000
10/25/10,2010,Speak Now,Mean,Taylor Swift,0.568,0.761,0.0459,-3.987,0.452,0,0.217,0.789,163.974,237733
11/12/21,2021,Red (Taylor's Version),Message In A Bottle (Taylor's Version) [From The Vault],Taylor Swift,0.622,0.791,0.0535,-6.106,0.00188,3.72E-06,0.083,0.494,115.915,225960
10/21/22,2022,Midnights,Midnight Rain,Taylor Swift,0.636,0.377,0.0708,-11.721,0.71,6.51E-05,0.115,0.23,139.966,174783
10/25/10,2010,Speak Now,Mine,Taylor Swift,0.624,0.757,0.0296,-2.94,0.00265,1.87E-06,0.189,0.658,121.07,230707
7/24/20,2020,folklore,mirrorball,Taylor Swift,0.549,0.417,0.035,-10.064,0.686,1.90E-06,0.0604,0.347,110.137,208973
8/23/19,2019,Lover,Miss Americana & The Heartbreak Prince,Taylor Swift,0.662,0.747,0.0736,-6.926,0.028,0.00615,0.138,0.487,150.088,234147
4/9/21,2021,Fearless (Taylor's Version),Mr. Perfectly Fine (Taylor's Version) [From The Vault],Taylor Swift,0.66,0.817,0.0521,-6.269,0.162,0,0.0667,0.714,135.942,277592
7/24/20,2020,folklore,my tears ricochet,Taylor Swift,0.456,0.265,0.0328,-10.663,0.814,0,0.0679,0.112,129.947,255893
10/25/10,2010,Speak Now,Never Grow Up,Taylor Swift,0.714,0.305,0.0305,-8.837,0.819,0,0.174,0.554,124.91,290467
10/27/14,2014,1989,New Romantics,Taylor Swift,0.633,0.889,0.0715,-5.87,0.00463,4.58E-04,0.0658,0.584,121.956,230467
11/10/17,2017,reputation,New Year's Day,Taylor Swift,0.661,0.151,0.0354,-12.864,0.921,0,0.13,0.23,94.922,235467
12/11/20,2020,evermore,"no body, no crime",Taylor Swift,0.546,0.613,0.0264,-7.589,0.418,0,0.103,0.535,79.015,215627
11/12/21,2021,Red (Taylor's Version),Nothing New (Taylor's Version) [From The Vault],Taylor Swift,0.606,0.377,0.0275,-9.455,0.817,0,0.154,0.446,101.96,258813
10/24/06,2006,Taylor Swift,Our Song,Taylor Swift,0.668,0.672,0.0303,-4.931,0.111,0,0.329,0.539,89.011,201107
10/25/10,2010,Speak Now,Ours,Taylor Swift,0.608,0.569,0.0284,-7.227,0.537,0,0.097,0.238,159.845,237920
10/27/14,2014,1989,Out Of The Woods,Taylor Swift,0.553,0.841,0.0396,-6.937,7.43E-04,1.19E-05,0.341,0.338,92.008,235800
8/23/19,2019,Lover,Paper Rings,Taylor Swift,0.811,0.719,0.0497,-6.553,0.0129,1.36E-05,0.0742,0.865,103.979,222400
10/21/22,2022,Midnights,Paris,Taylor Swift,0.7,0.509,0.0789,-10.547,0.112,3.27E-05,0.137,0.345,110.947,196259
7/24/20,2020,folklore,peace,Taylor Swift,0.644,0.284,0.0821,-12.879,0.916,1.50E-05,0.0909,0.328,150.072,234000
10/24/06,2006,Taylor Swift,Picture To Burn,Taylor Swift,0.658,0.877,0.0323,-2.098,0.173,0,0.0962,0.821,105.586,173067
10/21/22,2022,Midnights,Question...?,Taylor Swift,0.751,0.502,0.162,-8.777,0.226,0,0.297,0.112,108.989,210557
11/12/21,2021,Red (Taylor's Version),Red (Taylor's Version),Taylor Swift,0.516,0.777,0.0375,-4.908,0.00108,1.62E-06,0.0761,0.408,125.047,223093
12/11/20,2020,evermore,right where you left me,Taylor Swift,0.581,0.619,0.0282,-6.524,0.769,1.06E-04,0.117,0.645,137.915,245027
11/12/21,2021,Red (Taylor's Version),Ronan (Taylor's Version),Taylor Swift,0.623,0.279,0.031,-10.802,0.661,0,0.193,0.38,116.04,264253
11/12/21,2021,Red (Taylor's Version),Run (Taylor's Version) [From The Vault],Taylor Swift,0.61,0.488,0.0293,-6.918,0.817,0,0.312,0.443,125.039,240227
11/12/21,2021,Red (Taylor's Version),Sad Beautiful Tragic (Taylor's Version),Taylor Swift,0.601,0.406,0.0275,-11.827,0.622,9.19E-05,0.133,0.232,130.059,284773
7/24/20,2020,folklore,seven,Taylor Swift,0.602,0.494,0.0277,-10.813,0.888,2.59E-05,0.0902,0.374,94.955,208907
10/27/14,2014,1989,Shake It Off,Taylor Swift,0.647,0.8,0.165,-5.384,0.0647,0,0.334,0.942,160.078,219200
10/24/06,2006,Taylor Swift,Should've Said No,Taylor Swift,0.476,0.777,0.0289,-3.771,0.0103,0,0.196,0.472,167.964,242200
10/21/22,2022,Midnights,Snow On The Beach,Taylor Swift,0.659,0.323,0.0436,-13.425,0.735,0.00321,0.116,0.154,110.007,256124
11/10/17,2017,reputation,So It Goes...,Taylor Swift,0.574,0.61,0.0732,-7.283,0.122,1.10E-06,0.13,0.374,74.957,227907
8/23/19,2019,Lover,Soon You'll Get Better,Taylor Swift,0.433,0.182,0.0641,-12.566,0.907,0,0.123,0.421,207.476,201587
10/25/10,2010,Speak Now,Sparks Fly,Taylor Swift,0.605,0.787,0.0308,-3.002,0.0396,1.42E-06,0.163,0.374,114.987,260933
10/25/10,2010,Speak Now,Speak Now,Taylor Swift,0.709,0.599,0.0304,-3.734,0.095,0,0.0973,0.735,118.975,240760
11/12/21,2021,Red (Taylor's Version),Starlight (Taylor's Version),Taylor Swift,0.628,0.685,0.0358,-5.864,0.00324,0,0.18,0.605,126.014,220413
11/12/21,2021,Red (Taylor's Version),State Of Grace (Acoustic Version) [Taylor's Version],Taylor Swift,0.445,0.131,0.0564,-13.778,0.663,1.57E-06,0.108,0.101,208.918,321640
11/12/21,2021,Red (Taylor's Version),State Of Grace (Taylor's Version),Taylor Swift,0.594,0.713,0.0503,-5.314,3.28E-04,0,0.114,0.328,129.958,295413
10/24/06,2006,Taylor Swift,Stay Beautiful,Taylor Swift,0.594,0.629,0.0246,-4.919,0.0868,0,0.137,0.504,131.597,236053
11/12/21,2021,Red (Taylor's Version),Stay Stay Stay (Taylor's Version),Taylor Swift,0.693,0.681,0.025,-7.039,0.0848,0,0.0768,0.663,100.02,205787
10/27/14,2014,1989,Style,Taylor Swift,0.588,0.791,0.0402,-5.595,0.00245,0.00258,0.118,0.487,94.933,231000
10/25/10,2010,Speak Now,Superman,Taylor Swift,0.582,0.765,0.0324,-3.648,0.0268,1.95E-06,0.103,0.559,131.982,275960
4/9/21,2021,Fearless (Taylor's Version),SuperStar (Taylor's Version),Taylor Swift,0.454,0.555,0.0283,-6.69,0.157,0,0.343,0.171,171.862,263865
10/21/22,2022,Midnights,Sweet Nothing,Taylor Swift,0.334,0.161,0.0506,-14.875,0.967,4.71E-05,0.115,0.396,176.747,188497
10/24/06,2006,Taylor Swift,Teardrops On My Guitar,Taylor Swift,0.621,0.417,0.0231,-6.941,0.288,0,0.119,0.289,99.953,203040
10/24/06,2006,Taylor Swift,Teardrops On My Guitar (Pop Version),Taylor Swift,0.459,0.753,0.0537,-3.827,0.0402,0,0.0863,0.483,199.997,179067
4/9/21,2021,Fearless (Taylor's Version),Tell Me Why (Taylor's Version),Taylor Swift,0.578,0.909,0.0628,-3.669,0.0222,0,0.333,0.541,100.023,200576
4/9/21,2021,Fearless (Taylor's Version),That's When (Taylor's Version) [From The Vault],Taylor Swift,0.588,0.608,0.0365,-7.062,0.225,0,0.092,0.508,90.201,189496
7/24/20,2020,folklore,the 1,Taylor Swift,0.78,0.361,0.048,-6.942,0.75,7.14E-06,0.108,0.163,139.902,210240
8/23/19,2019,Lover,The Archer,Taylor Swift,0.292,0.574,0.0401,-9.375,0.12,0.00569,0.0663,0.166,124.344,211240
4/9/21,2021,Fearless (Taylor's Version),The Best Day (Taylor's Version),Taylor Swift,0.642,0.576,0.0282,-8.524,0.488,0,0.159,0.469,125,245290
10/21/22,2022,Midnights,The Great War,Taylor Swift,0.573,0.741,0.0353,-8.987,0.219,2.23E-05,0.0842,0.554,96.016,240356
7/24/20,2020,folklore,the lakes,Taylor Swift,0.313,0.258,0.0383,-11.532,0.842,1.30E-06,0.0948,0.268,179.947,211813
7/24/20,2020,folklore,the last great american dynasty,Taylor Swift,0.688,0.653,0.0403,-8.558,0.481,0.00414,0.106,0.701,147.991,231000
11/12/21,2021,Red (Taylor's Version),The Last Time (Taylor's Version),Taylor Swift,0.502,0.534,0.0278,-5.954,0.0399,0,0.0977,0.155,94.05,299080
11/12/21,2021,Red (Taylor's Version),The Lucky One (Taylor's Version),Taylor Swift,0.686,0.571,0.05,-7.138,0.066,0,0.0608,0.538,117.889,240467
8/23/19,2019,Lover,The Man,Taylor Swift,0.777,0.658,0.054,-5.191,0.0767,0,0.0901,0.633,110.048,190360
11/12/21,2021,Red (Taylor's Version),The Moment I Knew (Taylor's Version),Taylor Swift,0.636,0.402,0.031,-7.855,0.0494,0,0.107,0.208,125.952,285280
4/9/21,2021,Fearless (Taylor's Version),The Other Side Of The Door (Taylor's Version),Taylor Swift,0.432,0.873,0.0577,-4.367,0.0279,0,0.167,0.629,163.936,238444
10/24/06,2006,Taylor Swift,The Outside,Taylor Swift,0.589,0.805,0.0293,-4.055,0.00491,0,0.24,0.591,112.982,207107
10/25/10,2010,Speak Now,The Story Of Us,Taylor Swift,0.543,0.818,0.0398,-3.611,0.00478,3.68E-04,0.0357,0.683,139.898,265667
11/12/21,2021,Red (Taylor's Version),The Very First Night (Taylor's Version) [From The Vault],Taylor Swift,0.678,0.733,0.0281,-5.025,0.00115,0,0.104,0.581,121.009,200280
4/9/21,2021,Fearless (Taylor's Version),The Way I Loved You (Taylor's Version),Taylor Swift,0.402,0.732,0.0484,-4.665,0.0033,0,0.108,0.472,161.032,243137
7/24/20,2020,folklore,this is me trying,Taylor Swift,0.511,0.478,0.0322,-9.837,0.312,2.30E-05,0.147,0.408,135.882,195107
11/10/17,2017,reputation,This Is Why We Can't Have Nice Things,Taylor Swift,0.567,0.789,0.115,-5.986,0.0156,0,0.382,0.438,163.96,207133
10/27/14,2014,1989,This Love,Taylor Swift,0.481,0.435,0.0321,-8.795,0.678,0,0.0928,0.107,143.95,250093
10/24/06,2006,Taylor Swift,Tied Together With A Smile,Taylor Swift,0.479,0.578,0.0294,-4.963,0.525,0,0.0841,0.192,146.165,248107
10/24/06,2006,Taylor Swift,Tim McGraw,Taylor Swift,0.58,0.491,0.0251,-6.462,0.575,0,0.121,0.425,76.009,232107
4/9/21,2021,Fearless (Taylor's Version),Today Was A Fairytale (Taylor's Version),Taylor Swift,0.482,0.779,0.0409,-5.025,0.0135,0,0.296,0.328,158.162,241822
12/11/20,2020,evermore,tolerate it,Taylor Swift,0.316,0.361,0.0488,-10.381,0.878,2.67E-05,0.0797,0.221,74.952,245440
11/12/21,2021,Red (Taylor's Version),Treacherous (Taylor's Version),Taylor Swift,0.645,0.593,0.0288,-6.506,0.0344,1.27E-04,0.13,0.299,109.984,242720
4/9/21,2021,Fearless (Taylor's Version),Untouchable (Taylor's Version),Taylor Swift,0.393,0.531,0.0329,-6.112,0.0181,0,0.169,0.224,200.391,312107
10/21/22,2022,Midnights,Vigilante Shit,Taylor Swift,0.87,0.279,0.364,-11.134,0.16,1.74E-05,0.121,0.16,79.996,164801
11/12/21,2021,Red (Taylor's Version),We Are Never Ever Getting Back Together (Taylor's Version),Taylor Swift,0.567,0.686,0.175,-6.139,0.0317,1.86E-06,0.0732,0.716,172.014,193147
4/9/21,2021,Fearless (Taylor's Version),We Were Happy (Taylor's Version) [From The Vault],Taylor Swift,0.609,0.373,0.0263,-8.819,0.849,0,0.0779,0.13,106.007,244237
10/27/14,2014,1989,Welcome To New York,Taylor Swift,0.789,0.634,0.0323,-4.762,0.0348,1.64E-06,0.302,0.658,116.992,212600
4/9/21,2021,Fearless (Taylor's Version),White Horse (Taylor's Version),Taylor Swift,0.423,0.517,0.0486,-7.377,0.369,0,0.177,0.366,185.262,234516
10/27/14,2014,1989,Wildest Dreams,Taylor Swift,0.55,0.688,0.0897,-7.416,0.0692,0.00144,0.106,0.465,139.997,220440
12/11/20,2020,evermore,willow,Taylor Swift,0.392,0.574,0.17,-9.195,0.833,0.00179,0.145,0.529,81.112,214707
10/27/14,2014,1989,Wonderland,Taylor Swift,0.422,0.692,0.0549,-5.447,0.0493,2.57E-05,0.177,0.197,184.014,245560
10/21/22,2022,Midnights,"Would've, Could've, Should've",Taylor Swift,0.483,0.84,0.119,-6.508,0.43,5.75E-04,0.146,0.55,157.979,260362
4/9/21,2021,Fearless (Taylor's Version),You All Over Me (Taylor's Version) [From The Vault],Taylor Swift,0.599,0.494,0.0372,-7.61,0.816,0,0.101,0.44,142.893,220839
10/27/14,2014,1989,You Are In Love,Taylor Swift,0.474,0.48,0.0622,-8.894,0.707,1.08E-04,0.0903,0.319,170.109,267107
4/9/21,2021,Fearless (Taylor's Version),You Belong With Me (Taylor's Version),Taylor Swift,0.632,0.773,0.0346,-4.856,0.0623,0,0.0885,0.474,130.033,231124
8/23/19,2019,Lover,You Need To Calm Down,Taylor Swift,0.771,0.671,0.0553,-5.617,0.00929,0,0.0637,0.714,85.026,171360
4/9/21,2021,Fearless (Taylor's Version),You're Not Sorry (Taylor's Version),Taylor Swift,0.506,0.444,0.0285,-4.99,0.0538,0,0.123,0.241,133.873,261843
10/21/22,2022,Midnights,"You're On Your Own, Kid",Taylor Swift,0.694,0.38,0.0614,-10.307,0.416,8.47E-06,0.126,0.376,120.044,194207
10/2/23,2023,Autumn Variations (Fan Living Room Sessions),Magical,Ed Sheeran,0.658,0.632,0.0298,-8.492,0.748,7.33E-05,0.169,0.464,135.924,194277
10/2/23,2023,Autumn Variations (Fan Living Room Sessions),England,Ed Sheeran,0.622,0.666,0.0423,-10.786,0.641,8.63E-05,0.513,0.52,126.934,226756
10/2/23,2023,Autumn Variations (Fan Living Room Sessions),Amazing,Ed Sheeran,0.809,0.664,0.0373,-7.265,0.429,1.55E-06,0.131,0.374,116.996,245813
10/2/23,2023,Autumn Variations (Fan Living Room Sessions),Plastic Bag,Ed Sheeran,0.713,0.727,0.0528,-6.551,0.621,0,0.0751,0.384,120.016,229850
10/2/23,2023,Autumn Variations (Fan Living Room Sessions),Blue,Ed Sheeran,0.668,0.314,0.0298,-8.275,0.888,0,0.222,0.414,78.019,153899
10/2/23,2023,Autumn Variations (Fan Living Room Sessions),American Town,Ed Sheeran,0.74,0.652,0.0601,-5.668,0.736,0,0.348,0.715,105.025,197976
10/2/23,2023,Autumn Variations (Fan Living Room Sessions),Thatâ€™s On Me,Ed Sheeran,0.822,0.696,0.114,-6.275,0.634,0,0.0624,0.575,106.995,227398
10/2/23,2023,Autumn Variations (Fan Living Room Sessions),Page,Ed Sheeran,0.774,0.604,0.0404,-6.385,0.623,3.48E-06,0.0889,0.62,146.081,231021
10/2/23,2023,Autumn Variations (Fan Living Room Sessions),Midnight,Ed Sheeran,0.555,0.824,0.0591,-5.843,0.425,7.78E-05,0.082,0.685,178.034,179538
10/2/23,2023,Autumn Variations (Fan Living Room Sessions),Spring,Ed Sheeran,0.644,0.317,0.0317,-11.565,0.923,0.00159,0.104,0.667,96.081,178615
10/2/23,2023,Autumn Variations (Fan Living Room Sessions),Punchline,Ed Sheeran,0.534,0.407,0.0261,-7.994,0.844,0,0.113,0.616,154.059,206008
10/2/23,2023,Autumn Variations (Fan Living Room Sessions),When Will I Be Alright,Ed Sheeran,0.614,0.244,0.0301,-9.345,0.935,5.64E-05,0.112,0.488,126.381,175878
10/2/23,2023,Autumn Variations (Fan Living Room Sessions),The Day I Was Born,Ed Sheeran,0.6,0.667,0.0443,-5.504,0.657,0,0.327,0.725,135.083,252318
10/2/23,2023,Autumn Variations (Fan Living Room Sessions),Head > Heels,Ed Sheeran,0.711,0.328,0.0592,-9.172,0.759,0.000538,0.116,0.347,77.539,253881
10/2/23,2023,Autumn Variations (Fan Living Room Sessions),Magical - Live from Brantlieâ€™s Living Room,Ed Sheeran,0.54,0.257,0.0312,-8.223,0.807,0,0.11,0.484,80.298,174343
10/2/23,2023,Autumn Variations (Fan Living Room Sessions),England - Live from Maynardâ€™s Living Room,Ed Sheeran,0.685,0.325,0.0429,-6.706,0.871,0,0.105,0.382,131.851,201568
10/2/23,2023,Autumn Variations (Fan Living Room Sessions),Amazing - Live from Kiaâ€™s Living Room,Ed Sheeran,0.911,0.353,0.056,-5.083,0.699,0,0.146,0.925,127.15,174165
10/2/23,2023,Autumn Variations (Fan Living Room Sessions),Plastic Bag - Live from Alexâ€™s Living Room,Ed Sheeran,0.722,0.274,0.0414,-6.234,0.872,0,0.112,0.534,126.456,218887
10/2/23,2023,Autumn Variations (Fan Living Room Sessions),Blue - Live from Saromâ€™s Living Room,Ed Sheeran,0.441,0.319,0.0351,-7.085,0.893,0,0.241,0.389,168.399,141203
10/2/23,2023,Autumn Variations (Fan Living Room Sessions),American Town - Live from Kariâ€™s Living Room,Ed Sheeran,0.606,0.475,0.045,-4.255,0.813,0,0.102,0.631,106.149,195749
10/2/23,2023,Autumn Variations (Fan Living Room Sessions),Thatâ€™s On Me - Live from Narineâ€™s Living Room,Ed Sheeran,0.685,0.665,0.0877,-5.445,0.748,0,0.0533,0.776,113.777,191808
10/2/23,2023,Autumn Variations (Fan Living Room Sessions),Page - Live from Deborahâ€™s Living Room,Ed Sheeran,0.479,0.416,0.0371,-4.782,0.883,0,0.0843,0.353,78.837,211849
10/2/23,2023,Autumn Variations (Fan Living Room Sessions),Midnight - Live from Johnâ€™s Living Room,Ed Sheeran,0.606,0.317,0.044,-7.322,0.881,0,0.117,0.479,99.691,151876
10/2/23,2023,Autumn Variations (Fan Living Room Sessions),Spring - Live from Emilyâ€™s Living Room,Ed Sheeran,0.555,0.235,0.036,-10.655,0.908,0,0.103,0.366,102.194,153533
10/2/23,2023,Autumn Variations (Fan Living Room Sessions),Punchline - Live from Hollyâ€™s Living Room,Ed Sheeran,0.639,0.407,0.0306,-5.581,0.836,0,0.0876,0.414,84.575,186662
10/2/23,2023,Autumn Variations (Fan Living Room Sessions),When Will I Be Alright - Live from Kristenâ€™s Living Room,Ed Sheeran,0.584,0.215,0.0335,-8.765,0.943,0,0.0962,0.362,132.456,166769
10/2/23,2023,Autumn Variations (Fan Living Room Sessions),The Day I Was Born - Live from Danielleâ€™s Living Room,Ed Sheeran,0.674,0.472,0.0421,-4.707,0.777,0,0.217,0.607,77.027,214960
10/2/23,2023,Autumn Variations (Fan Living Room Sessions),Head > Heels - Live from Keiraâ€™s Living Room,Ed Sheeran,0.693,0.139,0.0414,-6.6,0.92,0,0.0928,0.354,80.305,232902
9/29/23,2023,Autumn Variations,Magical,Ed Sheeran,0.658,0.632,0.0298,-8.492,0.748,7.33E-05,0.169,0.464,135.924,194277
9/29/23,2023,Autumn Variations,England,Ed Sheeran,0.622,0.666,0.0423,-10.786,0.641,8.63E-05,0.513,0.52,126.934,226756
9/29/23,2023,Autumn Variations,Amazing,Ed Sheeran,0.809,0.664,0.0373,-7.265,0.429,1.55E-06,0.131,0.374,116.996,245813
9/29/23,2023,Autumn Variations,Plastic Bag,Ed Sheeran,0.713,0.727,0.0528,-6.551,0.621,0,0.0751,0.384,120.016,229850
9/29/23,2023,Autumn Variations,Blue,Ed Sheeran,0.668,0.314,0.0298,-8.275,0.888,0,0.222,0.414,78.019,153899
9/29/23,2023,Autumn Variations,American Town,Ed Sheeran,0.74,0.652,0.0601,-5.668,0.736,0,0.348,0.715,105.025,197976
9/29/23,2023,Autumn Variations,Thatâ€™s On Me,Ed Sheeran,0.822,0.696,0.114,-6.275,0.634,0,0.0624,0.575,106.995,227398
9/29/23,2023,Autumn Variations,Page,Ed Sheeran,0.774,0.604,0.0404,-6.385,0.623,3.48E-06,0.0889,0.62,146.081,231021
9/29/23,2023,Autumn Variations,Midnight,Ed Sheeran,0.555,0.824,0.0591,-5.843,0.425,7.78E-05,0.082,0.685,178.034,179538
9/29/23,2023,Autumn Variations,Spring,Ed Sheeran,0.644,0.317,0.0317,-11.565,0.923,0.00159,0.104,0.667,96.081,178615
9/29/23,2023,Autumn Variations,Punchline,Ed Sheeran,0.534,0.407,0.0261,-7.994,0.844,0,0.113,0.616,154.059,206008
9/29/23,2023,Autumn Variations,When Will I Be Alright,Ed Sheeran,0.614,0.244,0.0301,-9.345,0.935,5.64E-05,0.112,0.488,126.381,175878
9/29/23,2023,Autumn Variations,The Day I Was Born,Ed Sheeran,0.6,0.667,0.0443,-5.504,0.657,0,0.327,0.725,135.083,252318
9/29/23,2023,Autumn Variations,Head > Heels,Ed Sheeran,0.711,0.328,0.0592,-9.172,0.759,0.000538,0.116,0.347,77.539,253881
5/5/23,2023,#NAME?,Boat,Ed Sheeran,0.47,0.203,0.0371,-8.676,0.758,2.41E-06,0.312,0.325,153.578,185675
5/5/23,2023,#NAME?,Salt Water,Ed Sheeran,0.584,0.374,0.0337,-9.224,0.617,2.86E-06,0.0694,0.279,147.084,239770
5/5/23,2023,#NAME?,Eyes Closed,Ed Sheeran,0.793,0.52,0.0696,-7.457,0.246,0,0.0878,0.309,107.014,194848
5/5/23,2023,#NAME?,Life Goes On,Ed Sheeran,0.629,0.312,0.0318,-7.609,0.813,0,0.169,0.456,77.044,210208
5/5/23,2023,#NAME?,Dusty,Ed Sheeran,0.711,0.55,0.0332,-9.682,0.226,0.00928,0.12,0.616,146.928,222957
5/5/23,2023,#NAME?,End Of Youth,Ed Sheeran,0.663,0.436,0.0359,-7.81,0.488,0,0.116,0.316,143.197,231040
5/5/23,2023,#NAME?,Colourblind,Ed Sheeran,0.428,0.296,0.0396,-8.731,0.85,3.63E-06,0.0767,0.156,169.744,209267
5/5/23,2023,#NAME?,Curtains,Ed Sheeran,0.5,0.757,0.0522,-6.542,0.0989,2.50E-06,0.324,0.443,175.944,224803
5/5/23,2023,#NAME?,Borderline,Ed Sheeran,0.51,0.316,0.0289,-10.001,0.941,2.50E-05,0.0936,0.226,139.917,237756
5/5/23,2023,#NAME?,Spark,Ed Sheeran,0.56,0.616,0.032,-7.523,0.776,0.000334,0.0901,0.399,172.031,214846
5/5/23,2023,#NAME?,Vega,Ed Sheeran,0.743,0.405,0.0416,-7.901,0.803,0,0.134,0.353,124.041,178114
5/5/23,2023,#NAME?,Sycamore,Ed Sheeran,0.592,0.32,0.0331,-8.069,0.727,0,0.259,0.35,134.085,170075
5/5/23,2023,#NAME?,No Strings,Ed Sheeran,0.644,0.345,0.0268,-6.433,0.829,0,0.12,0.252,80.957,174087
5/5/23,2023,#NAME?,The Hills of Aberfeldy,Ed Sheeran,0.436,0.19,0.0303,-7.693,0.872,0,0.0971,0.326,79.571,195083
5/5/23,2023,#NAME?,Wildflowers - Bonus Track,Ed Sheeran,0.764,0.233,0.0302,-9.099,0.86,0.00185,0.0939,0.155,131.982,178206
5/5/23,2023,#NAME?,Stoned - Bonus Track,Ed Sheeran,0.695,0.322,0.03,-7.145,0.76,0,0.0895,0.4,119.937,197098
5/5/23,2023,#NAME?,Toughest - Bonus Track,Ed Sheeran,0.623,0.547,0.0342,-7.077,0.562,0,0.129,0.484,133.297,213768
5/5/23,2023,#NAME?,Moving - Bonus Track,Ed Sheeran,0.611,0.394,0.0306,-6.786,0.763,0,0.153,0.728,74.998,215247
5/27/22,2022,#NAME?,Tides,Ed Sheeran,0.631,0.825,0.0433,-3.971,0.0167,0,0.122,0.427,129.942,195760
5/27/22,2022,#NAME?,Shivers,Ed Sheeran,0.788,0.859,0.0856,-2.724,0.281,0,0.0424,0.822,141.02,207853
5/27/22,2022,#NAME?,First Times,Ed Sheeran,0.587,0.267,0.0349,-9.206,0.84,0,0.121,0.352,98.845,185853
5/27/22,2022,#NAME?,Bad Habits,Ed Sheeran,0.807,0.893,0.0347,-3.745,0.0451,2.79E-05,0.366,0.537,126.011,230746
5/27/22,2022,#NAME?,Overpass Graffiti,Ed Sheeran,0.52,0.849,0.186,-3.794,0.00253,0,0.119,0.774,175.908,236906
5/27/22,2022,#NAME?,The Joker And The Queen,Ed Sheeran,0.567,0.211,0.0315,-9.975,0.952,5.24E-05,0.275,0.289,134.019,185586
5/27/22,2022,#NAME?,Leave Your Life,Ed Sheeran,0.578,0.558,0.0872,-5.438,0.236,0,0.143,0.54,75.087,223866
5/27/22,2022,#NAME?,Collide,Ed Sheeran,0.672,0.73,0.0372,-4.77,0.113,0,0.0612,0.559,123.969,210213
5/27/22,2022,#NAME?,2step,Ed Sheeran,0.763,0.661,0.056,-5.592,0.169,0,0.117,0.632,95.002,153626
5/27/22,2022,#NAME?,Stop The Rain,Ed Sheeran,0.686,0.765,0.118,-4.778,0.0122,0,0.127,0.743,99.998,203493
5/27/22,2022,#NAME?,Love In Slow Motion,Ed Sheeran,0.485,0.54,0.0253,-5.4,0.668,0,0.0849,0.426,62.631,190933
5/27/22,2022,#NAME?,Visiting Hours,Ed Sheeran,0.471,0.396,0.0336,-6.654,0.77,0,0.0729,0.263,149.609,215506
5/27/22,2022,#NAME?,Sandman,Ed Sheeran,0.822,0.3,0.0673,-8.034,0.882,9.15E-05,0.0665,0.734,125.951,259333
5/27/22,2022,#NAME?,Be Right Now,Ed Sheeran,0.501,0.684,0.0566,-6.706,0.00494,0.000478,0.0524,0.442,131.952,211080
5/27/22,2022,#NAME?,Afterglow,Ed Sheeran,0.641,0.324,0.0299,-5.851,0.698,0,0.328,0.273,110.184,185486
5/27/22,2022,#NAME?,One Life,Ed Sheeran,0.573,0.593,0.0299,-7.225,0.114,2.65E-06,0.122,0.425,159.978,231546
5/27/22,2022,#NAME?,Penguins,Ed Sheeran,0.709,0.324,0.0444,-10.975,0.79,0,0.1,0.47,99.906,248866
5/27/22,2022,#NAME?,I Will Remember You,Ed Sheeran,0.743,0.807,0.0538,-5.917,0.404,5.49E-06,0.0723,0.721,145.01,214493
5/27/22,2022,#NAME?,Welcome To The World,Ed Sheeran,0.334,0.307,0.033,-8.522,0.818,5.55E-05,0.362,0.426,169.53,176813
5/27/22,2022,#NAME?,The Joker And The Queen (feat. Taylor Swift),Ed Sheeran,0.528,0.309,0.0329,-7.398,0.924,2.10E-06,0.282,0.307,133.83,185422
5/27/22,2022,#NAME?,2step (feat. Lil Baby),Ed Sheeran,0.693,0.643,0.0828,-5.867,0.138,0,0.108,0.477,95.055,163449
5/27/22,2022,#NAME?,Bad Habits (feat. Bring Me The Horizon),Ed Sheeran,0.59,0.849,0.0792,-4.691,0.0305,0,0.11,0.178,131.018,250763
5/27/22,2022,#NAME?,Peru,Ed Sheeran,0.956,0.417,0.0926,-7.892,0.572,0.00071,0.0782,0.714,108.015,187111
10/29/21,2021,=,Tides,Ed Sheeran,0.631,0.825,0.0433,-3.971,0.0167,0,0.122,0.427,129.942,195760
10/29/21,2021,=,Shivers,Ed Sheeran,0.788,0.859,0.0856,-2.724,0.281,0,0.0424,0.822,141.02,207853
10/29/21,2021,=,First Times,Ed Sheeran,0.587,0.267,0.0349,-9.206,0.84,0,0.121,0.352,98.845,185853
10/29/21,2021,=,Bad Habits,Ed Sheeran,0.807,0.893,0.0347,-3.745,0.0451,2.79E-05,0.366,0.537,126.011,230746
10/29/21,2021,=,Overpass Graffiti,Ed Sheeran,0.52,0.849,0.186,-3.794,0.00253,0,0.119,0.774,175.908,236906
10/29/21,2021,=,The Joker And The Queen,Ed Sheeran,0.567,0.211,0.0315,-9.975,0.952,5.24E-05,0.275,0.289,134.019,185586
10/29/21,2021,=,Leave Your Life,Ed Sheeran,0.578,0.558,0.0872,-5.438,0.236,0,0.143,0.54,75.087,223866
10/29/21,2021,=,Collide,Ed Sheeran,0.672,0.73,0.0372,-4.77,0.113,0,0.0612,0.559,123.969,210213
10/29/21,2021,=,2step,Ed Sheeran,0.763,0.661,0.056,-5.592,0.169,0,0.117,0.632,95.002,153626
10/29/21,2021,=,Stop The Rain,Ed Sheeran,0.686,0.765,0.118,-4.778,0.0122,0,0.127,0.743,99.998,203493
10/29/21,2021,=,Love In Slow Motion,Ed Sheeran,0.485,0.54,0.0253,-5.4,0.668,0,0.0849,0.426,62.631,190933
10/29/21,2021,=,Visiting Hours,Ed Sheeran,0.471,0.396,0.0336,-6.654,0.77,0,0.0729,0.263,149.609,215506
10/29/21,2021,=,Sandman,Ed Sheeran,0.822,0.3,0.0673,-8.034,0.882,9.15E-05,0.0665,0.734,125.951,259333
10/29/21,2021,=,Be Right Now,Ed Sheeran,0.501,0.684,0.0566,-6.706,0.00494,0.000478,0.0524,0.442,131.952,211080
10/29/21,2021,2step (The Remixes),2step (feat. Lil Baby),Ed Sheeran,0.693,0.643,0.0828,-5.867,0.138,0,0.108,0.477,95.055,163449
10/29/21,2021,2step (The Remixes),2step (feat. Ultimo),Ed Sheeran,0.727,0.69,0.0721,-5.063,0.16,0,0.137,0.685,94.935,154160
10/29/21,2021,2step (The Remixes),2step (feat. Potter Payper),Ed Sheeran,0.726,0.671,0.161,-5.402,0.14,0,0.139,0.552,95.053,153446
10/29/21,2021,2step (The Remixes),2step (feat. Antytila),Ed Sheeran,0.506,0.695,0.105,-5.185,0.235,0,0.151,0.599,93.75,153213
10/29/21,2021,2step (The Remixes),2step (feat. Leto),Ed Sheeran,0.73,0.701,0.0447,-5.318,0.273,0,0.0657,0.522,94.97,154453
10/29/21,2021,2step (The Remixes),2step (feat. Ellinoora),Ed Sheeran,0.705,0.741,0.0683,-4.33,0.167,0,0.216,0.615,94.962,153373
10/29/21,2021,2step (The Remixes),2step (feat. 1.Cuz),Ed Sheeran,0.674,0.663,0.084,-5.084,0.157,0,0.13,0.617,94.818,153226
10/29/21,2021,2step (The Remixes),2step (feat. Budjerah),Ed Sheeran,0.727,0.621,0.0555,-4.784,0.212,0,0.114,0.565,94.958,153426
10/29/21,2021,2step (The Remixes),2step (Star.One Remix),Ed Sheeran,0.669,0.916,0.038,-4.961,0.254,0.00117,0.356,0.54,129.956,205186
10/29/21,2021,2step (The Remixes),2step (feat. Chefin),Ed Sheeran,0.731,0.642,0.0695,-5.106,0.209,0,0.242,0.504,94.961,164560
10/29/21,2021,2step (The Remixes),2step (feat. reezy),Ed Sheeran,0.734,0.68,0.058,-5.096,0.179,0,0.169,0.499,95.06,153334
10/29/21,2021,2step (The Remixes),2step (feat. Quevedo),Ed Sheeran,0.72,0.709,0.0827,-5.308,0.171,0,0.141,0.537,94.99,153254
10/29/21,2021,2step (The Remixes),2step (feat. Denise Chaila),Ed Sheeran,0.728,0.69,0.084,-4.788,0.21,0,0.113,0.492,94.986,153227
10/29/21,2021,2step (The Remixes),2step (feat. Armaan Malik),Ed Sheeran,0.747,0.667,0.0566,-5.181,0.18,0,0.146,0.508,95,153124
7/12/19,2019,No.6 Collaborations Project,Beautiful People (feat. Khalid),Ed Sheeran,0.64,0.647,0.186,-8.114,0.124,0,0.0801,0.546,92.979,197866
7/12/19,2019,No.6 Collaborations Project,South of the Border (feat. Camila Cabello & Cardi B),Ed Sheeran,0.857,0.621,0.0825,-6.376,0.148,0,0.0865,0.668,97.989,204466
7/12/19,2019,No.6 Collaborations Project,Cross Me (feat. Chance the Rapper & PnB Rock),Ed Sheeran,0.746,0.787,0.12,-6.373,0.212,0,0.0669,0.607,95.005,206186
7/12/19,2019,No.6 Collaborations Project,Take Me Back to London (feat. Stormzy),Ed Sheeran,0.885,0.762,0.216,-5.513,0.219,0,0.162,0.605,138.058,189733
7/12/19,2019,No.6 Collaborations Project,Best Part of Me (feat. YEBBA),Ed Sheeran,0.565,0.243,0.0317,-8.367,0.758,8.82E-06,0.285,0.239,81.655,243266
7/12/19,2019,No.6 Collaborations Project,I Don't Care (with Justin Bieber),Ed Sheeran,0.798,0.676,0.0442,-5.041,0.0902,0,0.0894,0.843,101.956,219946
7/12/19,2019,No.6 Collaborations Project,Antisocial (with Travis Scott),Ed Sheeran,0.716,0.823,0.0495,-5.313,0.132,0,0.361,0.91,151.957,161746
7/12/19,2019,No.6 Collaborations Project,Remember The Name (feat. Eminem & 50 Cent),Ed Sheeran,0.852,0.666,0.184,-6.923,0.135,0,0.798,0.726,91.046,207760
7/12/19,2019,No.6 Collaborations Project,Feels (feat. Young Thug & J Hus),Ed Sheeran,0.665,0.68,0.291,-4.898,0.112,0,0.096,0.69,91.667,150786
7/12/19,2019,No.6 Collaborations Project,Put It All on Me (feat. Ella Mai),Ed Sheeran,0.627,0.594,0.0479,-8.306,0.256,0,0.373,0.388,101.007,197093
7/12/19,2019,No.6 Collaborations Project,Nothing On You (feat. Paulo Londra & Dave),Ed Sheeran,0.747,0.649,0.218,-6.218,0.333,0,0.172,0.84,88.011,200733
7/12/19,2019,No.6 Collaborations Project,I Don't Want Your Money (feat. H.E.R.),Ed Sheeran,0.468,0.63,0.0843,-6.536,0.31,0,0.137,0.762,91.419,204506
7/12/19,2019,No.6 Collaborations Project,1000 Nights (feat. Meek Mill & A Boogie Wit da Hoodie),Ed Sheeran,0.778,0.589,0.269,-5.548,0.467,0,0.0902,0.513,98.001,212306
7/12/19,2019,No.6 Collaborations Project,Way To Break My Heart (feat. Skrillex),Ed Sheeran,0.726,0.731,0.159,-6.298,0.11,3.45E-06,0.0928,0.437,170.125,190293
7/12/19,2019,No.6 Collaborations Project,BLOW (with Chris Stapleton & Bruno Mars),Ed Sheeran,0.631,0.796,0.0401,-5.35,0.000245,0.0108,0.38,0.596,92.47,209120
3/3/17,2017,(Deluxe),Eraser,Ed Sheeran,0.64,0.812,0.0834,-5.647,0.086,0,0.0509,0.914,86.013,227426
3/3/17,2017,Ã· (Deluxe),Castle on the Hill,Ed Sheeran,0.461,0.834,0.0989,-4.868,0.0232,1.14E-05,0.14,0.471,135.007,261153
3/3/17,2017,Ã· (Deluxe),Dive,Ed Sheeran,0.761,0.386,0.0399,-6.158,0.355,0,0.0953,0.526,134.943,238440
3/3/17,2017,Ã· (Deluxe),Shape of You,Ed Sheeran,0.825,0.652,0.0802,-3.183,0.581,0,0.0931,0.931,95.977,233712
3/3/17,2017,Ã· (Deluxe),Perfect,Ed Sheeran,0.599,0.448,0.0232,-6.312,0.163,0,0.106,0.168,95.05,263400
3/3/17,2017,Ã· (Deluxe),Galway Girl,Ed Sheeran,0.624,0.876,0.1,-3.374,0.0735,0,0.327,0.781,99.943,170826
3/3/17,2017,Ã· (Deluxe),Happier,Ed Sheeran,0.522,0.385,0.0288,-7.355,0.536,0,0.135,0.236,89.792,207520
3/3/17,2017,Ã· (Deluxe),New Man,Ed Sheeran,0.78,0.745,0.145,-3.97,0.0559,0,0.0595,0.862,94.026,189280
3/3/17,2017,Ã· (Deluxe),Hearts Don't Break Around Here,Ed Sheeran,0.604,0.366,0.0267,-7.881,0.719,0,0.162,0.181,105.177,248413
3/3/17,2017,Ã· (Deluxe),What Do I Know?,Ed Sheeran,0.838,0.492,0.038,-5.69,0.251,0,0.262,0.895,115.092,237333
3/3/17,2017,Ã· (Deluxe),How Would You Feel (Paean),Ed Sheeran,0.617,0.439,0.0269,-5.63,0.424,0,0.127,0.242,139.979,280533
3/3/17,2017,Ã· (Deluxe),Supermarket Flowers,Ed Sheeran,0.589,0.242,0.0442,-10.517,0.914,0,0.0887,0.257,89.749,221106
3/3/17,2017,Ã· (Deluxe),Barcelona,Ed Sheeran,0.747,0.76,0.187,-4.294,0.448,0,0.153,0.682,99.975,191146
3/3/17,2017,Ã· (Deluxe),Bibia Be Ye Ye,Ed Sheeran,0.738,0.677,0.0824,-5.121,0.52,0,0.133,0.882,127.067,176746
3/3/17,2017,Ã· (Deluxe),Nancy Mulligan,Ed Sheeran,0.68,0.852,0.0349,-4.35,0.117,0,0.0866,0.858,101.993,179786
3/3/17,2017,Ã· (Deluxe),Save Myself,Ed Sheeran,0.552,0.29,0.0448,-5.617,0.85,0,0.227,0.481,78.842,247106
11/13/15,2015,x (Wembley Edition),One,Ed Sheeran,0.464,0.321,0.0418,-11.12,0.877,0,0.0789,0.306,93.528,252760
11/13/15,2015,x (Wembley Edition),I'm a Mess,Ed Sheeran,0.697,0.377,0.0397,-7.755,0.556,0,0.0999,0.336,138.754,244573
11/13/15,2015,x (Wembley Edition),Sing,Ed Sheeran,0.818,0.67,0.0472,-4.451,0.304,1.22E-06,0.0601,0.939,119.988,235382
11/13/15,2015,x (Wembley Edition),Don't,Ed Sheeran,0.806,0.608,0.0659,-7.008,0.0113,0,0.635,0.849,95.049,219840
11/13/15,2015,x (Wembley Edition),Nina,Ed Sheeran,0.791,0.669,0.146,-7.189,0.175,0,0.33,0.809,92.013,225533
11/13/15,2015,x (Wembley Edition),Photograph,Ed Sheeran,0.614,0.379,0.0476,-10.48,0.607,0.000464,0.0986,0.201,107.989,258986
11/13/15,2015,x (Wembley Edition),Bloodstream,Ed Sheeran,0.66,0.316,0.0364,-11.567,0.529,0.000294,0.104,0.543,91.207,300253
11/13/15,2015,x (Wembley Edition),Tenerife Sea,Ed Sheeran,0.53,0.346,0.0376,-10.497,0.697,1.07E-05,0.105,0.359,121.876,241346
11/13/15,2015,x (Wembley Edition),Runaway,Ed Sheeran,0.767,0.449,0.0364,-7.158,0.024,0.000299,0.151,0.908,95.03,205133
11/13/15,2015,x (Wembley Edition),The Man,Ed Sheeran,0.759,0.725,0.158,-7.006,0.576,0,0.0771,0.619,87.467,250426
11/13/15,2015,x (Wembley Edition),Thinking out Loud,Ed Sheeran,0.781,0.445,0.0295,-6.061,0.474,0,0.184,0.591,78.998,281560
11/13/15,2015,x (Wembley Edition),Afire Love,Ed Sheeran,0.552,0.637,0.0445,-6.568,0.464,1.63E-05,0.136,0.333,97.97,314280
11/13/15,2015,x (Wembley Edition),Take It Back,Ed Sheeran,0.754,0.613,0.229,-6.342,0.318,0,0.335,0.904,113.196,208400
11/13/15,2015,x (Wembley Edition),Shirtsleeves,Ed Sheeran,0.752,0.76,0.0341,-5.34,0.319,0,0.335,0.752,107.034,190226
11/13/15,2015,x (Wembley Edition),Even My Dad Does Sometimes,Ed Sheeran,0.58,0.318,0.0279,-8.926,0.756,0.000171,0.117,0.295,129.757,228533
11/13/15,2015,x (Wembley Edition),I See Fire,Ed Sheeran,0.641,0.176,0.0349,-11.692,0.638,5.14E-06,0.252,0.297,76.031,299146
11/13/15,2015,x (Wembley Edition),English Rose,Ed Sheeran,0.579,0.649,0.0352,-6.522,0.0977,0,0.125,0.184,114.593,184173
11/13/15,2015,x (Wembley Edition),Touch and Go,Ed Sheeran,0.812,0.542,0.0444,-5.403,0.294,6.92E-05,0.141,0.733,110.268,240986
11/13/15,2015,x (Wembley Edition),New York,Ed Sheeran,0.728,0.461,0.0395,-8.726,0.707,0,0.113,0.474,86.014,235960
11/13/15,2015,x (Wembley Edition),Make It Rain,Ed Sheeran,0.618,0.239,0.0274,-8.371,0.791,0,0.1,0.327,96.846,404480
11/13/15,2015,x (Wembley Edition),Parting Glass - Live at Wembley Stadium,Ed Sheeran,0.389,0.369,0.0404,-6.886,0.598,0,0.96,0.541,102.625,195967
11/13/15,2015,x (Wembley Edition),Small Bump - Live at Wembley Stadium,Ed Sheeran,0.69,0.696,0.183,-7.432,0.219,0,0.958,0.237,125.735,302992
11/13/15,2015,x (Wembley Edition),Lay It All on Me (feat. Ed Sheeran),Ed Sheeran,0.669,0.747,0.0428,-7.108,0.141,0,0.185,0.483,122.531,242440
6/23/14,2014,5,"You Need Me, I Don't Need You",Ed Sheeran,0.689,0.563,0.275,-5.539,0.692,0,0.0579,0.819,129.517,245040
6/23/14,2014,5,So,Ed Sheeran,0.521,0.133,0.0431,-10.599,0.853,0,0.35,0.391,140.077,268760
6/23/14,2014,5,Be Like You,Ed Sheeran,0.671,0.388,0.0762,-6.516,0.715,0,0.192,0.59,105.869,218373
6/23/14,2014,5,The City,Ed Sheeran,0.689,0.369,0.357,-7.183,0.74,0,0.122,0.701,102.565,266280
6/23/14,2014,5,Sunburn,Ed Sheeran,0.533,0.17,0.0668,-11.342,0.842,5.03E-06,0.113,0.33,116.852,266053
6/23/14,2014,5,Let It Out,Ed Sheeran,0.731,0.603,0.0378,-7.656,0.645,0.011,0.147,0.619,96.973,231546
6/23/14,2014,5,Homeless,Ed Sheeran,0.754,0.636,0.193,-7.129,0.519,0,0.108,0.875,90.001,210746
6/23/14,2014,5,Little Bird,Ed Sheeran,0.826,0.485,0.0354,-7.424,0.569,0,0.107,0.278,104.011,226066
6/23/14,2014,5,Sofa,Ed Sheeran,0.646,0.65,0.0278,-6.491,0.14,9.65E-06,0.0999,0.52,100.05,199133
6/23/14,2014,5,One Night,Ed Sheeran,0.781,0.836,0.0658,-5.496,0.379,0,0.289,0.636,94.989,206440
6/23/14,2014,5,Firefly,Ed Sheeran,0.602,0.31,0.0373,-11.469,0.886,0.000142,0.105,0.36,159.917,254999
6/23/14,2014,5,The City - Live at Sticky Studios; Loose Change EP,Ed Sheeran,0.712,0.569,0.204,-6.032,0.507,0,0.412,0.837,105.032,306320
6/23/14,2014,5,Firefly - Bravado Dubstep Remix,Ed Sheeran,0.629,0.663,0.0283,-10.516,0.28,0.711,0.0811,0.49,139.982,269186
6/23/14,2014,5,Fall,Ed Sheeran,0.559,0.283,0.0323,-9.827,0.632,0.00127,0.126,0.188,82.552,163272
6/23/14,2014,5,Fire Alarms,Ed Sheeran,0.602,0.286,0.0296,-9.886,0.772,0,0.162,0.379,102.009,144013
6/23/14,2014,5,Where We Land,Ed Sheeran,0.68,0.248,0.031,-11.592,0.838,4.86E-06,0.0907,0.275,119.944,183000
6/23/14,2014,5,Cold Coffee,Ed Sheeran,0.544,0.529,0.0256,-6.753,0.453,0,0.131,0.403,92.936,254226
6/23/14,2014,5,She,Ed Sheeran,0.573,0.344,0.0361,-10.91,0.811,0,0.13,0.377,157.783,244653
6/23/14,2014,5,The A Team - Live at the Bedford,Ed Sheeran,0.402,0.339,0.0498,-9.574,0.728,0,0.833,0.496,83.194,322933
6/23/14,2014,5,Homeless - Live at the Bedford,Ed Sheeran,0.601,0.879,0.0945,-5.215,0.62,0,0.464,0.713,99.377,225013
6/23/14,2014,5,The City - Live at the Bedford,Ed Sheeran,0.602,0.8,0.0734,-5.91,0.545,0,0.656,0.81,109.921,307760
6/23/14,2014,5,Fall - Live at the Bedford,Ed Sheeran,0.494,0.0964,0.0532,-16.691,0.807,7.13E-05,0.936,0.393,86.676,151173
6/23/14,2014,5,Wake Me Up - Live at the Bedford,Ed Sheeran,0.616,0.141,0.532,-17.161,0.792,0,0.897,0.361,107.874,300680
6/23/14,2014,5,"You Need Me, I Don't Need You - Live at the Bedford",Ed Sheeran,0.506,0.911,0.23,-4.779,0.48,0,0.696,0.781,105.475,590333
6/23/14,2014,5,Lately (feat. Devlin),Ed Sheeran,0.718,0.82,0.103,-5.552,0.0928,0,0.391,0.329,90.013,271333
6/23/14,2014,5,You (feat. Wiley),Ed Sheeran,0.799,0.532,0.0707,-9.472,0.386,0.00017,0.0978,0.189,100.032,201586
6/23/14,2014,5,Family (feat. P Money),Ed Sheeran,0.476,0.704,0.278,-5.411,0.515,0,0.094,0.297,140.396,254906
6/23/14,2014,5,Radio (feat. JME),Ed Sheeran,0.693,0.833,0.263,-5.408,0.214,0,0.117,0.759,99.901,222653
6/23/14,2014,5,Little Lady (feat. Mikill Pane),Ed Sheeran,0.437,0.5,0.105,-7.103,0.731,0,0.157,0.437,85.293,328653
6/23/14,2014,5,Drown Me Out (feat. Ghetts) - + Ghetts,Ed Sheeran,0.511,0.91,0.116,-6.186,0.0282,0,0.127,0.426,140.147,261440
6/23/14,2014,5,"Nightmares (feat. Random Impulse, Sway & Wretch 32)",Ed Sheeran,0.855,0.678,0.052,-6.864,0.101,0.00232,0.0964,0.429,120.012,243000
6/23/14,2014,5,Goodbye to You (feat. Dot Rotten),Ed Sheeran,0.64,0.664,0.152,-7.812,0.267,0,0.329,0.275,140.007,330200
6/21/14,2014,x (Deluxe Edition),One,Ed Sheeran,0.464,0.321,0.0418,-11.12,0.877,0,0.0789,0.306,93.528,252760
6/21/14,2014,x (Deluxe Edition),I'm a Mess,Ed Sheeran,0.697,0.377,0.0397,-7.755,0.556,0,0.0999,0.336,138.754,244573
6/21/14,2014,x (Deluxe Edition),Sing,Ed Sheeran,0.818,0.67,0.0472,-4.451,0.304,1.22E-06,0.0601,0.939,119.988,235382
6/21/14,2014,x (Deluxe Edition),Don't,Ed Sheeran,0.806,0.608,0.0659,-7.008,0.0113,0,0.635,0.849,95.049,219840
6/21/14,2014,x (Deluxe Edition),Nina,Ed Sheeran,0.791,0.669,0.146,-7.189,0.175,0,0.33,0.809,92.013,225533
6/21/14,2014,x (Deluxe Edition),Photograph,Ed Sheeran,0.614,0.379,0.0476,-10.48,0.607,0.000464,0.0986,0.201,107.989,258986
6/21/14,2014,x (Deluxe Edition),Bloodstream,Ed Sheeran,0.66,0.316,0.0364,-11.567,0.529,0.000294,0.104,0.543,91.207,300253
6/21/14,2014,x (Deluxe Edition),Tenerife Sea,Ed Sheeran,0.53,0.346,0.0376,-10.497,0.697,1.07E-05,0.105,0.359,121.876,241346
6/21/14,2014,x (Deluxe Edition),Runaway,Ed Sheeran,0.767,0.449,0.0364,-7.158,0.024,0.000299,0.151,0.908,95.03,205133
6/21/14,2014,x (Deluxe Edition),The Man,Ed Sheeran,0.759,0.725,0.158,-7.006,0.576,0,0.0771,0.619,87.467,250426
6/21/14,2014,x (Deluxe Edition),Thinking out Loud,Ed Sheeran,0.781,0.445,0.0295,-6.061,0.474,0,0.184,0.591,78.998,281560
6/21/14,2014,x (Deluxe Edition),Afire Love,Ed Sheeran,0.552,0.637,0.0445,-6.568,0.464,1.63E-05,0.136,0.333,97.97,314280
6/21/14,2014,x (Deluxe Edition),Take It Back,Ed Sheeran,0.754,0.613,0.229,-6.342,0.318,0,0.335,0.904,113.196,208400
6/21/14,2014,x (Deluxe Edition),Shirtsleeves,Ed Sheeran,0.752,0.76,0.0341,-5.34,0.319,0,0.335,0.752,107.034,190226
6/21/14,2014,x (Deluxe Edition),Even My Dad Does Sometimes,Ed Sheeran,0.58,0.318,0.0279,-8.926,0.756,0.000171,0.117,0.295,129.757,228533
6/21/14,2014,x (Deluxe Edition),I See Fire,Ed Sheeran,0.641,0.176,0.0349,-11.692,0.638,5.14E-06,0.252,0.297,76.031,299146
12/9/11,2011,Loose Change,Let It Out,Ed Sheeran,0.731,0.603,0.0378,-7.656,0.645,0.011,0.147,0.619,96.973,231546
12/9/11,2011,Loose Change,Homeless,Ed Sheeran,0.754,0.636,0.193,-7.129,0.519,0,0.108,0.875,90.001,210746
12/9/11,2011,Loose Change,Little Bird,Ed Sheeran,0.826,0.485,0.0354,-7.424,0.569,0,0.107,0.278,104.011,226066
12/9/11,2011,Loose Change,Sofa,Ed Sheeran,0.646,0.65,0.0278,-6.491,0.14,9.65E-06,0.0999,0.52,100.05,199133
12/9/11,2011,Loose Change,One Night,Ed Sheeran,0.781,0.836,0.0658,-5.496,0.379,0,0.289,0.636,94.989,206440
12/9/11,2011,Loose Change,Firefly,Ed Sheeran,0.602,0.31,0.0373,-11.469,0.886,0.000142,0.105,0.36,159.917,254999
12/9/11,2011,Loose Change,The City - Live at Sticky Studios; Loose Change EP,Ed Sheeran,0.712,0.569,0.204,-6.032,0.507,0,0.412,0.837,105.032,306320
12/9/11,2011,Loose Change,Firefly - Bravado Dubstep Remix,Ed Sheeran,0.629,0.663,0.0283,-10.516,0.28,0.711,0.0811,0.49,139.982,269186
12/9/11,2011,Live at the Bedford,The A Team - Live at the Bedford,Ed Sheeran,0.402,0.339,0.0498,-9.574,0.728,0,0.833,0.496,83.194,322933
12/9/11,2011,Live at the Bedford,Homeless - Live at the Bedford,Ed Sheeran,0.601,0.879,0.0945,-5.215,0.62,0,0.464,0.713,99.377,225013
12/9/11,2011,Live at the Bedford,The City - Live at the Bedford,Ed Sheeran,0.602,0.8,0.0734,-5.91,0.545,0,0.656,0.81,109.921,307760
12/9/11,2011,Live at the Bedford,Fall - Live at the Bedford,Ed Sheeran,0.494,0.0964,0.0532,-16.691,0.807,7.13E-05,0.936,0.393,86.676,151173
12/9/11,2011,Live at the Bedford,Wake Me Up - Live at the Bedford,Ed Sheeran,0.616,0.141,0.532,-17.161,0.792,0,0.897,0.361,107.874,300680
12/9/11,2011,Live at the Bedford,"You Need Me, I Don't Need You - Live at the Bedford",Ed Sheeran,0.506,0.911,0.23,-4.779,0.48,0,0.696,0.781,105.475,590333
9/9/11,2011,No.5 Collaborations Project,Lately (feat. Devlin),Ed Sheeran,0.718,0.82,0.103,-5.552,0.0928,0,0.391,0.329,90.013,271333
9/9/11,2011,No.5 Collaborations Project,You (feat. Wiley),Ed Sheeran,0.799,0.532,0.0707,-9.472,0.386,0.00017,0.0978,0.189,100.032,201586
9/9/11,2011,No.5 Collaborations Project,Family (feat. P Money),Ed Sheeran,0.476,0.704,0.278,-5.411,0.515,0,0.094,0.297,140.396,254906
9/9/11,2011,No.5 Collaborations Project,Radio (feat. JME),Ed Sheeran,0.693,0.833,0.263,-5.408,0.214,0,0.117,0.759,99.901,222653
9/9/11,2011,No.5 Collaborations Project,Little Lady (feat. Mikill Pane),Ed Sheeran,0.437,0.5,0.105,-7.103,0.731,0,0.157,0.437,85.293,328653
9/9/11,2011,No.5 Collaborations Project,Drown Me Out (feat. Ghetts) - + Ghetts,Ed Sheeran,0.511,0.91,0.116,-6.186,0.0282,0,0.127,0.426,140.147,261440
9/9/11,2011,No.5 Collaborations Project,"Nightmares (feat. Random Impulse, Sway & Wretch 32)",Ed Sheeran,0.855,0.678,0.052,-6.864,0.101,0.00232,0.0964,0.429,120.012,243000
9/9/11,2011,No.5 Collaborations Project,Goodbye to You (feat. Dot Rotten),Ed Sheeran,0.64,0.664,0.152,-7.812,0.267,0,0.329,0.275,140.007,330200
9/9/11,2011,+,The A Team,Ed Sheeran,0.642,0.289,0.0367,-9.918,0.669,0,0.18,0.407,84.996,258373
9/9/11,2011,+,Drunk,Ed Sheeran,0.733,0.652,0.0696,-9.101,0.419,2.37E-06,0.521,0.459,99.998,200093
9/9/11,2011,+,U.N.I.,Ed Sheeran,0.422,0.405,0.101,-11.126,0.323,0,0.15,0.578,74.13,228600
9/9/11,2011,+,Grade 8,Ed Sheeran,0.74,0.807,0.0363,-9.976,0.0446,4.02E-05,0.0538,0.781,101.042,179880
9/9/11,2011,+,Wake Me Up,Ed Sheeran,0.616,0.209,0.406,-13.43,0.902,0,0.139,0.336,86.891,229613
9/9/11,2011,+,Small Bump,Ed Sheeran,0.81,0.436,0.0717,-12.683,0.689,0.000151,0.11,0.446,119.973,259413
9/9/11,2011,+,This,Ed Sheeran,0.588,0.0929,0.0443,-14.301,0.95,0.00539,0.128,0.502,152.139,195840
9/9/11,2011,+,The City,Ed Sheeran,0.74,0.505,0.0674,-10.338,0.0415,6.82E-05,0.0707,0.646,97.994,234333
9/9/11,2011,+,Lego House,Ed Sheeran,0.592,0.637,0.0992,-8.48,0.562,0,0.13,0.565,159.701,185093
9/9/11,2011,+,"You Need Me, I Don't Need You",Ed Sheeran,0.749,0.837,0.0512,-8.837,0.162,0,0.525,0.927,103.483,220413
9/9/11,2011,+,Kiss Me,Ed Sheeran,0.589,0.227,0.0498,-16.67,0.64,0.00469,0.0248,0.182,74.993,280853
9/9/11,2011,+,Give Me Love,Ed Sheeran,0.526,0.328,0.0461,-9.864,0.694,0,0.112,0.11,116.068,526386
9/9/11,2011,+,Autumn Leaves - Deluxe Edition,Ed Sheeran,0.555,0.257,0.0299,-12.637,0.892,1.42E-06,0.124,0.431,89.013,200755
9/9/11,2011,+,Little Bird - Deluxe Edition,Ed Sheeran,0.843,0.425,0.0352,-8.676,0.565,0,0.102,0.284,104.02,224528
9/9/11,2011,+,Gold Rush - Deluxe Edition,Ed Sheeran,0.74,0.248,0.109,-12.659,0.729,0,0.141,0.889,83.786,243162
9/9/11,2011,+,Sunburn - Deluxe Edition,Ed Sheeran,0.464,0.098,0.0376,-12.119,0.865,0,0.101,0.234,78.864,275882